row_type,car_group,clip_name,clip_path,speed_kmh,input_type,duration_s,n_mel_frames,prediction,n_clips,n_L2R,n_R2L,n_no_vehicle,pct_L2R,pct_R2L,pct_no_vehicle,majority_prediction,model,checkpoint,spectrogram_png,prob_L2R,prob_R2L,prob_no_vehicle
clip,CitroenC4Picasso,CitroenC4Picasso_101,CitroenC4Picasso/CitroenC4Picasso_101.wav,101,audio,10.006,431,R2L,,,,,,,,,mel_3class,D:\Antigravity\DopplerLab\IDMT_experiments\checkpoints\direction\mel_3class\best.pt,,0.1016,0.3791,0.5193
clip,CitroenC4Picasso,CitroenC4Picasso_35,CitroenC4Picasso/CitroenC4Picasso_35.wav,35,audio,10.006,431,R2L,,,,,,,,,mel_3class,D:\Antigravity\DopplerLab\IDMT_experiments\checkpoints\direction\mel_3class\best.pt,,0.1285,0.5249,0.3466
clip,CitroenC4Picasso,CitroenC4Picasso_38,CitroenC4Picasso/CitroenC4Picasso_38.wav,38,audio,10.006,431,R2L,,,,,,,,,mel_3class,D:\Antigravity\DopplerLab\IDMT_experiments\checkpoints\direction\mel_3class\best.pt,,0.0006,0.0021,0.9973
clip,CitroenC4Picasso,CitroenC4Picasso_41,CitroenC4Picasso/CitroenC4Picasso_41.wav,41,audio,10.006,431,R2L,,,,,,,,,mel_3class,D:\Antigravity\DopplerLab\IDMT_experiments\checkpoints\direction\mel_3class\best.pt,,0.0895,0.8895,0.0209
clip,CitroenC4Picasso,CitroenC4Picasso_44,CitroenC4Picasso/CitroenC4Picasso_44.wav,44,audio,10.006,431,R2L,,,,,,,,,mel_3class,D:\Antigravity\DopplerLab\IDMT_experiments\checkpoints\direction\mel_3class\best.pt,,0.1162,0.841,0.0428
clip,CitroenC4Picasso,CitroenC4Picasso_48,CitroenC4Picasso/CitroenC4Picasso_48.wav,48,audio,10.027,432,R2L,,,,,,,,,mel_3class,D:\Antigravity\DopplerLab\IDMT_experiments\checkpoints\direction\mel_3class\best.pt,,0.1263,0.8524,0.0213
clip,CitroenC4Picasso,CitroenC4Picasso_51,CitroenC4Picasso/CitroenC4Picasso_51.wav,51,audio,10.006,431,R2L,,,,,,,,,mel_3class,D:\Antigravity\DopplerLab\IDMT_experiments\checkpoints\direction\mel_3class\best.pt,,0.1353,0.848,0.0167
clip,CitroenC4Picasso,CitroenC4Picasso_54,CitroenC4Picasso/CitroenC4Picasso_54.wav,54,audio,10.006,431,R2L,,,,,,,,,mel_3class,D:\Antigravity\DopplerLab\IDMT_experiments\checkpoints\direction\mel_3class\best.pt,,0.1063,0.8665,0.0273
clip,CitroenC4Picasso,CitroenC4Picasso_57,CitroenC4Picasso/CitroenC4Picasso_57.wav,57,audio,10.006,431,R2L,,,,,,,,,mel_3class,D:\Antigravity\DopplerLab\IDMT_experiments\checkpoints\direction\mel_3class\best.pt,,0.1142,0.7544,0.1315
clip,CitroenC4Picasso,CitroenC4Picasso_59,CitroenC4Picasso/CitroenC4Picasso_59.wav,59,audio,10.006,431,R2L,,,,,,,,,mel_3class,D:\Antigravity\DopplerLab\IDMT_experiments\checkpoints\direction\mel_3class\best.pt,,0.0966,0.7672,0.1362
clip,CitroenC4Picasso,CitroenC4Picasso_63,CitroenC4Picasso/CitroenC4Picasso_63.wav,63,audio,10.006,431,R2L,,,,,,,,,mel_3class,D:\Antigravity\DopplerLab\IDMT_experiments\checkpoints\direction\mel_3class\best.pt,,0.0079,0.0289,0.9632
clip,CitroenC4Picasso,CitroenC4Picasso_65,CitroenC4Picasso/CitroenC4Picasso_65.wav,65,audio,10.027,432,R2L,,,,,,,,,mel_3class,D:\Antigravity\DopplerLab\IDMT_experiments\checkpoints\direction\mel_3class\best.pt,,0.0905,0.5484,0.3611
clip,CitroenC4Picasso,CitroenC4Picasso_68,CitroenC4Picasso/CitroenC4Picasso_68.wav,68,audio,10.027,432,R2L,,,,,,,,,mel_3class,D:\Antigravity\DopplerLab\IDMT_experiments\checkpoints\direction\mel_3class\best.pt,,0.0175,0.0879,0.8946
clip,CitroenC4Picasso,CitroenC4Picasso_72,CitroenC4Picasso/CitroenC4Picasso_72.wav,72,audio,10.006,431,R2L,,,,,,,,,mel_3class,D:\Antigravity\DopplerLab\IDMT_experiments\checkpoints\direction\mel_3class\best.pt,,0.0962,0.3697,0.5341
clip,CitroenC4Picasso,CitroenC4Picasso_74,CitroenC4Picasso/CitroenC4Picasso_74.wav,74,audio,10.027,432,R2L,,,,,,,,,mel_3class,D:\Antigravity\DopplerLab\IDMT_experiments\checkpoints\direction\mel_3class\best.pt,,0.0007,0.0017,0.9976
clip,CitroenC4Picasso,CitroenC4Picasso_78,CitroenC4Picasso/CitroenC4Picasso_78.wav,78,audio,10.006,431,R2L,,,,,,,,,mel_3class,D:\Antigravity\DopplerLab\IDMT_experiments\checkpoints\direction\mel_3class\best.pt,,0.0013,0.0033,0.9953
clip,CitroenC4Picasso,CitroenC4Picasso_80,CitroenC4Picasso/CitroenC4Picasso_80.wav,80,audio,10.006,431,R2L,,,,,,,,,mel_3class,D:\Antigravity\DopplerLab\IDMT_experiments\checkpoints\direction\mel_3class\best.pt,,0.038,0.1923,0.7697
clip,CitroenC4Picasso,CitroenC4Picasso_83,CitroenC4Picasso/CitroenC4Picasso_83.wav,83,audio,10.006,431,R2L,,,,,,,,,mel_3class,D:\Antigravity\DopplerLab\IDMT_experiments\checkpoints\direction\mel_3class\best.pt,,0.1215,0.8464,0.0321
clip,CitroenC4Picasso,CitroenC4Picasso_85,CitroenC4Picasso/CitroenC4Picasso_85.wav,85,audio,10.006,431,R2L,,,,,,,,,mel_3class,D:\Antigravity\DopplerLab\IDMT_experiments\checkpoints\direction\mel_3class\best.pt,,0.1378,0.6067,0.2555
clip,CitroenC4Picasso,CitroenC4Picasso_87,CitroenC4Picasso/CitroenC4Picasso_87.wav,87,audio,10.006,431,R2L,,,,,,,,,mel_3class,D:\Antigravity\DopplerLab\IDMT_experiments\checkpoints\direction\mel_3class\best.pt,,0.1351,0.6051,0.2597
clip,CitroenC4Picasso,CitroenC4Picasso_92,CitroenC4Picasso/CitroenC4Picasso_92.wav,92,audio,10.006,431,R2L,,,,,,,,,mel_3class,D:\Antigravity\DopplerLab\IDMT_experiments\checkpoints\direction\mel_3class\best.pt,,0.1466,0.6894,0.1641
clip,CitroenC4Picasso,CitroenC4Picasso_94,CitroenC4Picasso/CitroenC4Picasso_94.wav,94,audio,10.006,431,R2L,,,,,,,,,mel_3class,D:\Antigravity\DopplerLab\IDMT_experiments\checkpoints\direction\mel_3class\best.pt,,0.003,0.0061,0.9909
clip,CitroenC4Picasso,CitroenC4Picasso_96,CitroenC4Picasso/CitroenC4Picasso_96.wav,96,audio,10.006,431,R2L,,,,,,,,,mel_3class,D:\Antigravity\DopplerLab\IDMT_experiments\checkpoints\direction\mel_3class\best.pt,,0.1769,0.5722,0.2509
group,CitroenC4Picasso,__GROUP__CitroenC4Picasso,,,,,,R2L,23,0,23,0,0.0,1.0,0.0,R2L,mel_3class,D:\Antigravity\DopplerLab\IDMT_experiments\checkpoints\direction\mel_3class\best.pt,,,,
clip,KiaSportage,KiaSportage_100,KiaSportage/KiaSportage_100.wav,100,audio,10.006,431,L2R,,,,,,,,,mel_3class,D:\Antigravity\DopplerLab\IDMT_experiments\checkpoints\direction\mel_3class\best.pt,,0.5219,0.4315,0.0467
clip,KiaSportage,KiaSportage_103,KiaSportage/KiaSportage_103.wav,103,audio,10.006,431,R2L,,,,,,,,,mel_3class,D:\Antigravity\DopplerLab\IDMT_experiments\checkpoints\direction\mel_3class\best.pt,,0.0447,0.0622,0.8931
clip,KiaSportage,KiaSportage_105,KiaSportage/KiaSportage_105.wav,105,audio,10.027,432,L2R,,,,,,,,,mel_3class,D:\Antigravity\DopplerLab\IDMT_experiments\checkpoints\direction\mel_3class\best.pt,,0.5729,0.385,0.0421
clip,KiaSportage,KiaSportage_31,KiaSportage/KiaSportage_31.wav,31,audio,10.006,431,R2L,,,,,,,,,mel_3class,D:\Antigravity\DopplerLab\IDMT_experiments\checkpoints\direction\mel_3class\best.pt,,0.1447,0.6447,0.2106
clip,KiaSportage,KiaSportage_33,KiaSportage/KiaSportage_33.wav,33,audio,10.027,432,R2L,,,,,,,,,mel_3class,D:\Antigravity\DopplerLab\IDMT_experiments\checkpoints\direction\mel_3class\best.pt,,0.105,0.8621,0.0329
clip,KiaSportage,KiaSportage_35,KiaSportage/KiaSportage_35.wav,35,audio,10.006,431,R2L,,,,,,,,,mel_3class,D:\Antigravity\DopplerLab\IDMT_experiments\checkpoints\direction\mel_3class\best.pt,,0.2012,0.6727,0.1261
clip,KiaSportage,KiaSportage_38,KiaSportage/KiaSportage_38.wav,38,audio,10.006,431,R2L,,,,,,,,,mel_3class,D:\Antigravity\DopplerLab\IDMT_experiments\checkpoints\direction\mel_3class\best.pt,,0.1975,0.767,0.0355
clip,KiaSportage,KiaSportage_41,KiaSportage/KiaSportage_41.wav,41,audio,10.027,432,R2L,,,,,,,,,mel_3class,D:\Antigravity\DopplerLab\IDMT_experiments\checkpoints\direction\mel_3class\best.pt,,0.2631,0.5451,0.1918
clip,KiaSportage,KiaSportage_44,KiaSportage/KiaSportage_44.wav,44,audio,10.006,431,R2L,,,,,,,,,mel_3class,D:\Antigravity\DopplerLab\IDMT_experiments\checkpoints\direction\mel_3class\best.pt,,0.1778,0.7983,0.0239
clip,KiaSportage,KiaSportage_46,KiaSportage/KiaSportage_46.wav,46,audio,10.006,431,R2L,,,,,,,,,mel_3class,D:\Antigravity\DopplerLab\IDMT_experiments\checkpoints\direction\mel_3class\best.pt,,0.3569,0.5037,0.1393
clip,KiaSportage,KiaSportage_48,KiaSportage/KiaSportage_48.wav,48,audio,10.006,431,R2L,,,,,,,,,mel_3class,D:\Antigravity\DopplerLab\IDMT_experiments\checkpoints\direction\mel_3class\best.pt,,0.2252,0.7518,0.0231
clip,KiaSportage,KiaSportage_51,KiaSportage/KiaSportage_51.wav,51,audio,10.006,431,R2L,,,,,,,,,mel_3class,D:\Antigravity\DopplerLab\IDMT_experiments\checkpoints\direction\mel_3class\best.pt,,0.4539,0.4548,0.0913
clip,KiaSportage,KiaSportage_53,KiaSportage/KiaSportage_53.wav,53,audio,10.006,431,R2L,,,,,,,,,mel_3class,D:\Antigravity\DopplerLab\IDMT_experiments\checkpoints\direction\mel_3class\best.pt,,0.2621,0.598,0.1399
clip,KiaSportage,KiaSportage_55,KiaSportage/KiaSportage_55.wav,55,audio,10.006,431,R2L,,,,,,,,,mel_3class,D:\Antigravity\DopplerLab\IDMT_experiments\checkpoints\direction\mel_3class\best.pt,,0.3568,0.4392,0.204
clip,KiaSportage,KiaSportage_58,KiaSportage/KiaSportage_58.wav,58,audio,10.006,431,L2R,,,,,,,,,mel_3class,D:\Antigravity\DopplerLab\IDMT_experiments\checkpoints\direction\mel_3class\best.pt,,0.5933,0.3316,0.075
clip,KiaSportage,KiaSportage_61,KiaSportage/KiaSportage_61.wav,61,audio,10.006,431,R2L,,,,,,,,,mel_3class,D:\Antigravity\DopplerLab\IDMT_experiments\checkpoints\direction\mel_3class\best.pt,,0.3995,0.4495,0.1509
clip,KiaSportage,KiaSportage_63,KiaSportage/KiaSportage_63.wav,63,audio,10.006,431,L2R,,,,,,,,,mel_3class,D:\Antigravity\DopplerLab\IDMT_experiments\checkpoints\direction\mel_3class\best.pt,,0.5191,0.266,0.2149
clip,KiaSportage,KiaSportage_65,KiaSportage/KiaSportage_65.wav,65,audio,10.027,432,L2R,,,,,,,,,mel_3class,D:\Antigravity\DopplerLab\IDMT_experiments\checkpoints\direction\mel_3class\best.pt,,0.6318,0.3328,0.0354
clip,KiaSportage,KiaSportage_68,KiaSportage/KiaSportage_68.wav,68,audio,10.027,432,L2R,,,,,,,,,mel_3class,D:\Antigravity\DopplerLab\IDMT_experiments\checkpoints\direction\mel_3class\best.pt,,0.5609,0.4159,0.0231
clip,KiaSportage,KiaSportage_69,KiaSportage/KiaSportage_69.wav,69,audio,10.006,431,L2R,,,,,,,,,mel_3class,D:\Antigravity\DopplerLab\IDMT_experiments\checkpoints\direction\mel_3class\best.pt,,0.5102,0.4167,0.073
clip,KiaSportage,KiaSportage_72,KiaSportage/KiaSportage_72.wav,72,audio,10.006,431,L2R,,,,,,,,,mel_3class,D:\Antigravity\DopplerLab\IDMT_experiments\checkpoints\direction\mel_3class\best.pt,,0.7088,0.2553,0.0359
clip,KiaSportage,KiaSportage_74,KiaSportage/KiaSportage_74.wav,74,audio,10.006,431,L2R,,,,,,,,,mel_3class,D:\Antigravity\DopplerLab\IDMT_experiments\checkpoints\direction\mel_3class\best.pt,,0.5153,0.4641,0.0206
clip,KiaSportage,KiaSportage_77,KiaSportage/KiaSportage_77.wav,77,audio,10.006,431,L2R,,,,,,,,,mel_3class,D:\Antigravity\DopplerLab\IDMT_experiments\checkpoints\direction\mel_3class\best.pt,,0.5878,0.3893,0.0229
clip,KiaSportage,KiaSportage_78,KiaSportage/KiaSportage_78.wav,78,audio,10.006,431,R2L,,,,,,,,,mel_3class,D:\Antigravity\DopplerLab\IDMT_experiments\checkpoints\direction\mel_3class\best.pt,,0.3384,0.6126,0.049
clip,KiaSportage,KiaSportage_80,KiaSportage/KiaSportage_80.wav,80,audio,10.006,431,L2R,,,,,,,,,mel_3class,D:\Antigravity\DopplerLab\IDMT_experiments\checkpoints\direction\mel_3class\best.pt,,0.6239,0.3585,0.0176
clip,KiaSportage,KiaSportage_83,KiaSportage/KiaSportage_83.wav,83,audio,10.006,431,L2R,,,,,,,,,mel_3class,D:\Antigravity\DopplerLab\IDMT_experiments\checkpoints\direction\mel_3class\best.pt,,0.661,0.3189,0.0202
clip,KiaSportage,KiaSportage_85,KiaSportage/KiaSportage_85.wav,85,audio,10.006,431,R2L,,,,,,,,,mel_3class,D:\Antigravity\DopplerLab\IDMT_experiments\checkpoints\direction\mel_3class\best.pt,,0.4585,0.5262,0.0153
clip,KiaSportage,KiaSportage_86,KiaSportage/KiaSportage_86.wav,86,audio,10.006,431,R2L,,,,,,,,,mel_3class,D:\Antigravity\DopplerLab\IDMT_experiments\checkpoints\direction\mel_3class\best.pt,,0.3798,0.4257,0.1945
clip,KiaSportage,KiaSportage_89,KiaSportage/KiaSportage_89.wav,89,audio,10.006,431,L2R,,,,,,,,,mel_3class,D:\Antigravity\DopplerLab\IDMT_experiments\checkpoints\direction\mel_3class\best.pt,,0.5209,0.4456,0.0335
clip,KiaSportage,KiaSportage_91,KiaSportage/KiaSportage_91.wav,91,audio,10.006,431,L2R,,,,,,,,,mel_3class,D:\Antigravity\DopplerLab\IDMT_experiments\checkpoints\direction\mel_3class\best.pt,,0.4913,0.4731,0.0355
clip,KiaSportage,KiaSportage_93,KiaSportage/KiaSportage_93.wav,93,audio,10.006,431,L2R,,,,,,,,,mel_3class,D:\Antigravity\DopplerLab\IDMT_experiments\checkpoints\direction\mel_3class\best.pt,,0.6181,0.3564,0.0254
clip,KiaSportage,KiaSportage_96,KiaSportage/KiaSportage_96.wav,96,audio,10.006,431,L2R,,,,,,,,,mel_3class,D:\Antigravity\DopplerLab\IDMT_experiments\checkpoints\direction\mel_3class\best.pt,,0.674,0.3089,0.0172
clip,KiaSportage,KiaSportage_98,KiaSportage/KiaSportage_98.wav,98,audio,10.006,431,L2R,,,,,,,,,mel_3class,D:\Antigravity\DopplerLab\IDMT_experiments\checkpoints\direction\mel_3class\best.pt,,0.6955,0.2519,0.0526
group,KiaSportage,__GROUP__KiaSportage,,,,,,L2R,33,17,16,0,0.5152,0.4848,0.0,L2R,mel_3class,D:\Antigravity\DopplerLab\IDMT_experiments\checkpoints\direction\mel_3class\best.pt,,,,
clip,Mazda3,Mazda3_101,Mazda3/Mazda3_101.wav,101,audio,10.006,431,L2R,,,,,,,,,mel_3class,D:\Antigravity\DopplerLab\IDMT_experiments\checkpoints\direction\mel_3class\best.pt,,0.5303,0.4028,0.0669
clip,Mazda3,Mazda3_103,Mazda3/Mazda3_103.wav,103,audio,10.006,431,R2L,,,,,,,,,mel_3class,D:\Antigravity\DopplerLab\IDMT_experiments\checkpoints\direction\mel_3class\best.pt,,0.3646,0.6222,0.0132
clip,Mazda3,Mazda3_105,Mazda3/Mazda3_105.wav,105,audio,10.006,431,L2R,,,,,,,,,mel_3class,D:\Antigravity\DopplerLab\IDMT_experiments\checkpoints\direction\mel_3class\best.pt,,0.6312,0.2155,0.1533
clip,Mazda3,Mazda3_30,Mazda3/Mazda3_30.wav,30,audio,10.027,432,R2L,,,,,,,,,mel_3class,D:\Antigravity\DopplerLab\IDMT_experiments\checkpoints\direction\mel_3class\best.pt,,0.1321,0.8396,0.0283
clip,Mazda3,Mazda3_33,Mazda3/Mazda3_33.wav,33,audio,10.006,431,R2L,,,,,,,,,mel_3class,D:\Antigravity\DopplerLab\IDMT_experiments\checkpoints\direction\mel_3class\best.pt,,0.0456,0.945,0.0094
clip,Mazda3,Mazda3_35,Mazda3/Mazda3_35.wav,35,audio,10.027,432,R2L,,,,,,,,,mel_3class,D:\Antigravity\DopplerLab\IDMT_experiments\checkpoints\direction\mel_3class\best.pt,,0.0791,0.905,0.0159
clip,Mazda3,Mazda3_38,Mazda3/Mazda3_38.wav,38,audio,10.006,431,R2L,,,,,,,,,mel_3class,D:\Antigravity\DopplerLab\IDMT_experiments\checkpoints\direction\mel_3class\best.pt,,0.0766,0.9109,0.0125
clip,Mazda3,Mazda3_40,Mazda3/Mazda3_40.wav,40,audio,10.027,432,R2L,,,,,,,,,mel_3class,D:\Antigravity\DopplerLab\IDMT_experiments\checkpoints\direction\mel_3class\best.pt,,0.0087,0.9889,0.0024
clip,Mazda3,Mazda3_43,Mazda3/Mazda3_43.wav,43,audio,10.006,431,R2L,,,,,,,,,mel_3class,D:\Antigravity\DopplerLab\IDMT_experiments\checkpoints\direction\mel_3class\best.pt,,0.0731,0.9196,0.0072
clip,Mazda3,Mazda3_45,Mazda3/Mazda3_45.wav,45,audio,10.006,431,R2L,,,,,,,,,mel_3class,D:\Antigravity\DopplerLab\IDMT_experiments\checkpoints\direction\mel_3class\best.pt,,0.0236,0.9711,0.0052
clip,Mazda3,Mazda3_47,Mazda3/Mazda3_47.wav,47,audio,10.027,432,R2L,,,,,,,,,mel_3class,D:\Antigravity\DopplerLab\IDMT_experiments\checkpoints\direction\mel_3class\best.pt,,0.1359,0.8499,0.0142
clip,Mazda3,Mazda3_50,Mazda3/Mazda3_50.wav,50,audio,10.006,431,R2L,,,,,,,,,mel_3class,D:\Antigravity\DopplerLab\IDMT_experiments\checkpoints\direction\mel_3class\best.pt,,0.0805,0.9086,0.0109
clip,Mazda3,Mazda3_52,Mazda3/Mazda3_52.wav,52,audio,10.006,431,R2L,,,,,,,,,mel_3class,D:\Antigravity\DopplerLab\IDMT_experiments\checkpoints\direction\mel_3class\best.pt,,0.4357,0.5421,0.0222
clip,Mazda3,Mazda3_55,Mazda3/Mazda3_55.wav,55,audio,10.006,431,R2L,,,,,,,,,mel_3class,D:\Antigravity\DopplerLab\IDMT_experiments\checkpoints\direction\mel_3class\best.pt,,0.1701,0.8098,0.0202
clip,Mazda3,Mazda3_57,Mazda3/Mazda3_57.wav,57,audio,10.006,431,R2L,,,,,,,,,mel_3class,D:\Antigravity\DopplerLab\IDMT_experiments\checkpoints\direction\mel_3class\best.pt,,0.3994,0.5794,0.0212
clip,Mazda3,Mazda3_60,Mazda3/Mazda3_60.wav,60,audio,10.006,431,R2L,,,,,,,,,mel_3class,D:\Antigravity\DopplerLab\IDMT_experiments\checkpoints\direction\mel_3class\best.pt,,0.4396,0.5281,0.0323
clip,Mazda3,Mazda3_62,Mazda3/Mazda3_62.wav,62,audio,10.006,431,R2L,,,,,,,,,mel_3class,D:\Antigravity\DopplerLab\IDMT_experiments\checkpoints\direction\mel_3class\best.pt,,0.4246,0.5385,0.0369
clip,Mazda3,Mazda3_64,Mazda3/Mazda3_64.wav,64,audio,10.006,431,L2R,,,,,,,,,mel_3class,D:\Antigravity\DopplerLab\IDMT_experiments\checkpoints\direction\mel_3class\best.pt,,0.6683,0.3038,0.0279
clip,Mazda3,Mazda3_67,Mazda3/Mazda3_67.wav,67,audio,10.006,431,R2L,,,,,,,,,mel_3class,D:\Antigravity\DopplerLab\IDMT_experiments\checkpoints\direction\mel_3class\best.pt,,0.3869,0.5948,0.0183
clip,Mazda3,Mazda3_70,Mazda3/Mazda3_70.wav,70,audio,10.006,431,R2L,,,,,,,,,mel_3class,D:\Antigravity\DopplerLab\IDMT_experiments\checkpoints\direction\mel_3class\best.pt,,0.3448,0.6421,0.0131
clip,Mazda3,Mazda3_72,Mazda3/Mazda3_72.wav,72,audio,10.027,432,R2L,,,,,,,,,mel_3class,D:\Antigravity\DopplerLab\IDMT_experiments\checkpoints\direction\mel_3class\best.pt,,0.4019,0.5804,0.0176
clip,Mazda3,Mazda3_75,Mazda3/Mazda3_75.wav,75,audio,10.006,431,R2L,,,,,,,,,mel_3class,D:\Antigravity\DopplerLab\IDMT_experiments\checkpoints\direction\mel_3class\best.pt,,0.2705,0.7071,0.0225
clip,Mazda3,Mazda3_79,Mazda3/Mazda3_79.wav,79,audio,10.006,431,L2R,,,,,,,,,mel_3class,D:\Antigravity\DopplerLab\IDMT_experiments\checkpoints\direction\mel_3class\best.pt,,0.6731,0.2923,0.0346
clip,Mazda3,Mazda3_81,Mazda3/Mazda3_81.wav,81,audio,10.027,432,R2L,,,,,,,,,mel_3class,D:\Antigravity\DopplerLab\IDMT_experiments\checkpoints\direction\mel_3class\best.pt,,0.4313,0.5059,0.0628
clip,Mazda3,Mazda3_84,Mazda3/Mazda3_84.wav,84,audio,10.006,431,L2R,,,,,,,,,mel_3class,D:\Antigravity\DopplerLab\IDMT_experiments\checkpoints\direction\mel_3class\best.pt,,0.5558,0.4183,0.0259
clip,Mazda3,Mazda3_86,Mazda3/Mazda3_86.wav,86,audio,10.006,431,L2R,,,,,,,,,mel_3class,D:\Antigravity\DopplerLab\IDMT_experiments\checkpoints\direction\mel_3class\best.pt,,0.4972,0.4828,0.0201
clip,Mazda3,Mazda3_88,Mazda3/Mazda3_88.wav,88,audio,10.027,432,R2L,,,,,,,,,mel_3class,D:\Antigravity\DopplerLab\IDMT_experiments\checkpoints\direction\mel_3class\best.pt,,0.3663,0.6138,0.0199
clip,Mazda3,Mazda3_90,Mazda3/Mazda3_90.wav,90,audio,10.006,431,L2R,,,,,,,,,mel_3class,D:\Antigravity\DopplerLab\IDMT_experiments\checkpoints\direction\mel_3class\best.pt,,0.7022,0.2486,0.0491
clip,Mazda3,Mazda3_92,Mazda3/Mazda3_92.wav,92,audio,10.006,431,L2R,,,,,,,,,mel_3class,D:\Antigravity\DopplerLab\IDMT_experiments\checkpoints\direction\mel_3class\best.pt,,0.5517,0.4266,0.0217
clip,Mazda3,Mazda3_94,Mazda3/Mazda3_94.wav,94,audio,10.006,431,L2R,,,,,,,,,mel_3class,D:\Antigravity\DopplerLab\IDMT_experiments\checkpoints\direction\mel_3class\best.pt,,0.5202,0.4554,0.0244
clip,Mazda3,Mazda3_96,Mazda3/Mazda3_96.wav,96,audio,10.006,431,L2R,,,,,,,,,mel_3class,D:\Antigravity\DopplerLab\IDMT_experiments\checkpoints\direction\mel_3class\best.pt,,0.5551,0.4009,0.0441
clip,Mazda3,Mazda3_99,Mazda3/Mazda3_99.wav,99,audio,10.006,431,L2R,,,,,,,,,mel_3class,D:\Antigravity\DopplerLab\IDMT_experiments\checkpoints\direction\mel_3class\best.pt,,0.5068,0.4741,0.0191
group,Mazda3,__GROUP__Mazda3,,,,,,R2L,32,11,21,0,0.3438,0.6562,0.0,R2L,mel_3class,D:\Antigravity\DopplerLab\IDMT_experiments\checkpoints\direction\mel_3class\best.pt,,,,
clip,MercedesAMG550,MercedesAMG550_100,MercedesAMG550/MercedesAMG550_100.wav,100,audio,10.006,431,R2L,,,,,,,,,mel_3class,D:\Antigravity\DopplerLab\IDMT_experiments\checkpoints\direction\mel_3class\best.pt,,0.1811,0.7694,0.0495
clip,MercedesAMG550,MercedesAMG550_105,MercedesAMG550/MercedesAMG550_105.wav,105,audio,10.006,431,R2L,,,,,,,,,mel_3class,D:\Antigravity\DopplerLab\IDMT_experiments\checkpoints\direction\mel_3class\best.pt,,0.0943,0.8865,0.0192
clip,MercedesAMG550,MercedesAMG550_30,MercedesAMG550/MercedesAMG550_30.wav,30,audio,10.006,431,R2L,,,,,,,,,mel_3class,D:\Antigravity\DopplerLab\IDMT_experiments\checkpoints\direction\mel_3class\best.pt,,0.0966,0.8864,0.0171
clip,MercedesAMG550,MercedesAMG550_33,MercedesAMG550/MercedesAMG550_33.wav,33,audio,10.027,432,R2L,,,,,,,,,mel_3class,D:\Antigravity\DopplerLab\IDMT_experiments\checkpoints\direction\mel_3class\best.pt,,0.156,0.6755,0.1685
clip,MercedesAMG550,MercedesAMG550_35,MercedesAMG550/MercedesAMG550_35.wav,35,audio,10.006,431,R2L,,,,,,,,,mel_3class,D:\Antigravity\DopplerLab\IDMT_experiments\checkpoints\direction\mel_3class\best.pt,,0.0032,0.0185,0.9783
clip,MercedesAMG550,MercedesAMG550_38,MercedesAMG550/MercedesAMG550_38.wav,38,audio,10.006,431,R2L,,,,,,,,,mel_3class,D:\Antigravity\DopplerLab\IDMT_experiments\checkpoints\direction\mel_3class\best.pt,,0.0475,0.213,0.7395
clip,MercedesAMG550,MercedesAMG550_40,MercedesAMG550/MercedesAMG550_40.wav,40,audio,10.006,431,R2L,,,,,,,,,mel_3class,D:\Antigravity\DopplerLab\IDMT_experiments\checkpoints\direction\mel_3class\best.pt,,0.0845,0.8793,0.0363
clip,MercedesAMG550,MercedesAMG550_42,MercedesAMG550/MercedesAMG550_42.wav,42,audio,10.006,431,R2L,,,,,,,,,mel_3class,D:\Antigravity\DopplerLab\IDMT_experiments\checkpoints\direction\mel_3class\best.pt,,0.33,0.5961,0.0739
clip,MercedesAMG550,MercedesAMG550_45,MercedesAMG550/MercedesAMG550_45.wav,45,audio,10.006,431,R2L,,,,,,,,,mel_3class,D:\Antigravity\DopplerLab\IDMT_experiments\checkpoints\direction\mel_3class\best.pt,,0.1437,0.8028,0.0535
clip,MercedesAMG550,MercedesAMG550_47,MercedesAMG550/MercedesAMG550_47.wav,47,audio,10.027,432,R2L,,,,,,,,,mel_3class,D:\Antigravity\DopplerLab\IDMT_experiments\checkpoints\direction\mel_3class\best.pt,,0.108,0.8632,0.0288
clip,MercedesAMG550,MercedesAMG550_50,MercedesAMG550/MercedesAMG550_50.wav,50,audio,10.006,431,R2L,,,,,,,,,mel_3class,D:\Antigravity\DopplerLab\IDMT_experiments\checkpoints\direction\mel_3class\best.pt,,0.1908,0.7468,0.0624
clip,MercedesAMG550,MercedesAMG550_52,MercedesAMG550/MercedesAMG550_52.wav,52,audio,10.006,431,R2L,,,,,,,,,mel_3class,D:\Antigravity\DopplerLab\IDMT_experiments\checkpoints\direction\mel_3class\best.pt,,0.0783,0.8031,0.1186
clip,MercedesAMG550,MercedesAMG550_55,MercedesAMG550/MercedesAMG550_55.wav,55,audio,10.006,431,R2L,,,,,,,,,mel_3class,D:\Antigravity\DopplerLab\IDMT_experiments\checkpoints\direction\mel_3class\best.pt,,0.1269,0.826,0.0471
clip,MercedesAMG550,MercedesAMG550_58,MercedesAMG550/MercedesAMG550_58.wav,58,audio,10.006,431,R2L,,,,,,,,,mel_3class,D:\Antigravity\DopplerLab\IDMT_experiments\checkpoints\direction\mel_3class\best.pt,,0.1317,0.8258,0.0425
clip,MercedesAMG550,MercedesAMG550_60,MercedesAMG550/MercedesAMG550_60.wav,60,audio,10.006,431,R2L,,,,,,,,,mel_3class,D:\Antigravity\DopplerLab\IDMT_experiments\checkpoints\direction\mel_3class\best.pt,,0.0917,0.8952,0.0131
clip,MercedesAMG550,MercedesAMG550_62,MercedesAMG550/MercedesAMG550_62.wav,62,audio,10.006,431,R2L,,,,,,,,,mel_3class,D:\Antigravity\DopplerLab\IDMT_experiments\checkpoints\direction\mel_3class\best.pt,,0.057,0.9362,0.0068
clip,MercedesAMG550,MercedesAMG550_65,MercedesAMG550/MercedesAMG550_65.wav,65,audio,10.027,432,R2L,,,,,,,,,mel_3class,D:\Antigravity\DopplerLab\IDMT_experiments\checkpoints\direction\mel_3class\best.pt,,0.1323,0.8426,0.0251
clip,MercedesAMG550,MercedesAMG550_67,MercedesAMG550/MercedesAMG550_67.wav,67,audio,10.006,431,R2L,,,,,,,,,mel_3class,D:\Antigravity\DopplerLab\IDMT_experiments\checkpoints\direction\mel_3class\best.pt,,0.098,0.8864,0.0156
clip,MercedesAMG550,MercedesAMG550_70,MercedesAMG550/MercedesAMG550_70.wav,70,audio,10.006,431,R2L,,,,,,,,,mel_3class,D:\Antigravity\DopplerLab\IDMT_experiments\checkpoints\direction\mel_3class\best.pt,,0.0698,0.8151,0.1152
clip,MercedesAMG550,MercedesAMG550_73,MercedesAMG550/MercedesAMG550_73.wav,73,audio,10.027,432,R2L,,,,,,,,,mel_3class,D:\Antigravity\DopplerLab\IDMT_experiments\checkpoints\direction\mel_3class\best.pt,,0.0575,0.641,0.3015
clip,MercedesAMG550,MercedesAMG550_75,MercedesAMG550/MercedesAMG550_75.wav,75,audio,10.006,431,R2L,,,,,,,,,mel_3class,D:\Antigravity\DopplerLab\IDMT_experiments\checkpoints\direction\mel_3class\best.pt,,0.0954,0.884,0.0206
clip,MercedesAMG550,MercedesAMG550_78,MercedesAMG550/MercedesAMG550_78.wav,78,audio,10.006,431,R2L,,,,,,,,,mel_3class,D:\Antigravity\DopplerLab\IDMT_experiments\checkpoints\direction\mel_3class\best.pt,,0.0924,0.8969,0.0108
clip,MercedesAMG550,MercedesAMG550_80,MercedesAMG550/MercedesAMG550_80.wav,80,audio,10.027,432,R2L,,,,,,,,,mel_3class,D:\Antigravity\DopplerLab\IDMT_experiments\checkpoints\direction\mel_3class\best.pt,,0.0323,0.9459,0.0218
clip,MercedesAMG550,MercedesAMG550_82,MercedesAMG550/MercedesAMG550_82.wav,82,audio,10.006,431,R2L,,,,,,,,,mel_3class,D:\Antigravity\DopplerLab\IDMT_experiments\checkpoints\direction\mel_3class\best.pt,,0.0956,0.885,0.0194
clip,MercedesAMG550,MercedesAMG550_85,MercedesAMG550/MercedesAMG550_85.wav,85,audio,10.006,431,R2L,,,,,,,,,mel_3class,D:\Antigravity\DopplerLab\IDMT_experiments\checkpoints\direction\mel_3class\best.pt,,0.0563,0.8878,0.0559
clip,MercedesAMG550,MercedesAMG550_87,MercedesAMG550/MercedesAMG550_87.wav,87,audio,10.027,432,R2L,,,,,,,,,mel_3class,D:\Antigravity\DopplerLab\IDMT_experiments\checkpoints\direction\mel_3class\best.pt,,0.0157,0.1088,0.8756
clip,MercedesAMG550,MercedesAMG550_90,MercedesAMG550/MercedesAMG550_90.wav,90,audio,10.006,431,R2L,,,,,,,,,mel_3class,D:\Antigravity\DopplerLab\IDMT_experiments\checkpoints\direction\mel_3class\best.pt,,0.0013,0.0046,0.9941
clip,MercedesAMG550,MercedesAMG550_93,MercedesAMG550/MercedesAMG550_93.wav,93,audio,10.006,431,R2L,,,,,,,,,mel_3class,D:\Antigravity\DopplerLab\IDMT_experiments\checkpoints\direction\mel_3class\best.pt,,0.0621,0.876,0.062
clip,MercedesAMG550,MercedesAMG550_95,MercedesAMG550/MercedesAMG550_95.wav,95,audio,10.006,431,R2L,,,,,,,,,mel_3class,D:\Antigravity\DopplerLab\IDMT_experiments\checkpoints\direction\mel_3class\best.pt,,0.0709,0.8657,0.0633
clip,MercedesAMG550,MercedesAMG550_98,MercedesAMG550/MercedesAMG550_98.wav,98,audio,10.006,431,R2L,,,,,,,,,mel_3class,D:\Antigravity\DopplerLab\IDMT_experiments\checkpoints\direction\mel_3class\best.pt,,0.0708,0.9081,0.0211
group,MercedesAMG550,__GROUP__MercedesAMG550,,,,,,R2L,30,0,30,0,0.0,1.0,0.0,R2L,mel_3class,D:\Antigravity\DopplerLab\IDMT_experiments\checkpoints\direction\mel_3class\best.pt,,,,
clip,MercedesGLA,MercedesGLA_100,MercedesGLA/MercedesGLA_100.wav,100,audio,10.006,431,R2L,,,,,,,,,mel_3class,D:\Antigravity\DopplerLab\IDMT_experiments\checkpoints\direction\mel_3class\best.pt,,0.2708,0.7232,0.006
clip,MercedesGLA,MercedesGLA_101,MercedesGLA/MercedesGLA_101.wav,101,audio,10.006,431,R2L,,,,,,,,,mel_3class,D:\Antigravity\DopplerLab\IDMT_experiments\checkpoints\direction\mel_3class\best.pt,,0.0975,0.8963,0.0062
clip,MercedesGLA,MercedesGLA_103,MercedesGLA/MercedesGLA_103.wav,103,audio,10.006,431,R2L,,,,,,,,,mel_3class,D:\Antigravity\DopplerLab\IDMT_experiments\checkpoints\direction\mel_3class\best.pt,,0.2144,0.7804,0.0052
clip,MercedesGLA,MercedesGLA_104,MercedesGLA/MercedesGLA_104.wav,104,audio,10.006,431,R2L,,,,,,,,,mel_3class,D:\Antigravity\DopplerLab\IDMT_experiments\checkpoints\direction\mel_3class\best.pt,,0.2711,0.7236,0.0053
clip,MercedesGLA,MercedesGLA_30,MercedesGLA/MercedesGLA_30.wav,30,audio,10.006,431,R2L,,,,,,,,,mel_3class,D:\Antigravity\DopplerLab\IDMT_experiments\checkpoints\direction\mel_3class\best.pt,,0.0595,0.9223,0.0182
clip,MercedesGLA,MercedesGLA_33,MercedesGLA/MercedesGLA_33.wav,33,audio,10.006,431,R2L,,,,,,,,,mel_3class,D:\Antigravity\DopplerLab\IDMT_experiments\checkpoints\direction\mel_3class\best.pt,,0.0629,0.9239,0.0132
clip,MercedesGLA,MercedesGLA_36,MercedesGLA/MercedesGLA_36.wav,36,audio,10.006,431,R2L,,,,,,,,,mel_3class,D:\Antigravity\DopplerLab\IDMT_experiments\checkpoints\direction\mel_3class\best.pt,,0.0414,0.9515,0.0071
clip,MercedesGLA,MercedesGLA_39,MercedesGLA/MercedesGLA_39.wav,39,audio,10.027,432,R2L,,,,,,,,,mel_3class,D:\Antigravity\DopplerLab\IDMT_experiments\checkpoints\direction\mel_3class\best.pt,,0.1929,0.7832,0.0238
clip,MercedesGLA,MercedesGLA_41,MercedesGLA/MercedesGLA_41.wav,41,audio,10.006,431,R2L,,,,,,,,,mel_3class,D:\Antigravity\DopplerLab\IDMT_experiments\checkpoints\direction\mel_3class\best.pt,,0.0944,0.7634,0.1421
clip,MercedesGLA,MercedesGLA_42,MercedesGLA/MercedesGLA_42.wav,42,audio,10.006,431,R2L,,,,,,,,,mel_3class,D:\Antigravity\DopplerLab\IDMT_experiments\checkpoints\direction\mel_3class\best.pt,,0.1085,0.8742,0.0173
clip,MercedesGLA,MercedesGLA_45,MercedesGLA/MercedesGLA_45.wav,45,audio,10.027,432,R2L,,,,,,,,,mel_3class,D:\Antigravity\DopplerLab\IDMT_experiments\checkpoints\direction\mel_3class\best.pt,,0.0411,0.9524,0.0065
clip,MercedesGLA,MercedesGLA_47,MercedesGLA/MercedesGLA_47.wav,47,audio,10.006,431,R2L,,,,,,,,,mel_3class,D:\Antigravity\DopplerLab\IDMT_experiments\checkpoints\direction\mel_3class\best.pt,,0.1361,0.8495,0.0144
clip,MercedesGLA,MercedesGLA_48,MercedesGLA/MercedesGLA_48.wav,48,audio,10.006,431,R2L,,,,,,,,,mel_3class,D:\Antigravity\DopplerLab\IDMT_experiments\checkpoints\direction\mel_3class\best.pt,,0.0384,0.9451,0.0165
clip,MercedesGLA,MercedesGLA_49,MercedesGLA/MercedesGLA_49.wav,49,audio,10.006,431,R2L,,,,,,,,,mel_3class,D:\Antigravity\DopplerLab\IDMT_experiments\checkpoints\direction\mel_3class\best.pt,,0.0853,0.8989,0.0157
clip,MercedesGLA,MercedesGLA_52,MercedesGLA/MercedesGLA_52.wav,52,audio,10.006,431,R2L,,,,,,,,,mel_3class,D:\Antigravity\DopplerLab\IDMT_experiments\checkpoints\direction\mel_3class\best.pt,,0.0566,0.9288,0.0146
clip,MercedesGLA,MercedesGLA_54,MercedesGLA/MercedesGLA_54.wav,54,audio,10.006,431,R2L,,,,,,,,,mel_3class,D:\Antigravity\DopplerLab\IDMT_experiments\checkpoints\direction\mel_3class\best.pt,,0.0979,0.8959,0.0062
clip,MercedesGLA,MercedesGLA_55,MercedesGLA/MercedesGLA_55.wav,55,audio,10.006,431,R2L,,,,,,,,,mel_3class,D:\Antigravity\DopplerLab\IDMT_experiments\checkpoints\direction\mel_3class\best.pt,,0.0594,0.9283,0.0123
clip,MercedesGLA,MercedesGLA_59,MercedesGLA/MercedesGLA_59.wav,59,audio,10.006,431,R2L,,,,,,,,,mel_3class,D:\Antigravity\DopplerLab\IDMT_experiments\checkpoints\direction\mel_3class\best.pt,,0.1942,0.7904,0.0154
clip,MercedesGLA,MercedesGLA_61,MercedesGLA/MercedesGLA_61.wav,61,audio,10.006,431,R2L,,,,,,,,,mel_3class,D:\Antigravity\DopplerLab\IDMT_experiments\checkpoints\direction\mel_3class\best.pt,,0.0465,0.9476,0.0058
clip,MercedesGLA,MercedesGLA_63,MercedesGLA/MercedesGLA_63.wav,63,audio,10.006,431,R2L,,,,,,,,,mel_3class,D:\Antigravity\DopplerLab\IDMT_experiments\checkpoints\direction\mel_3class\best.pt,,0.0654,0.9304,0.0043
clip,MercedesGLA,MercedesGLA_65,MercedesGLA/MercedesGLA_65.wav,65,audio,10.006,431,R2L,,,,,,,,,mel_3class,D:\Antigravity\DopplerLab\IDMT_experiments\checkpoints\direction\mel_3class\best.pt,,0.0733,0.9195,0.0072
clip,MercedesGLA,MercedesGLA_68,MercedesGLA/MercedesGLA_68.wav,68,audio,10.006,431,R2L,,,,,,,,,mel_3class,D:\Antigravity\DopplerLab\IDMT_experiments\checkpoints\direction\mel_3class\best.pt,,0.0825,0.9031,0.0143
clip,MercedesGLA,MercedesGLA_70,MercedesGLA/MercedesGLA_70.wav,70,audio,10.027,432,R2L,,,,,,,,,mel_3class,D:\Antigravity\DopplerLab\IDMT_experiments\checkpoints\direction\mel_3class\best.pt,,0.0626,0.9294,0.0079
clip,MercedesGLA,MercedesGLA_72,MercedesGLA/MercedesGLA_72.wav,72,audio,10.006,431,R2L,,,,,,,,,mel_3class,D:\Antigravity\DopplerLab\IDMT_experiments\checkpoints\direction\mel_3class\best.pt,,0.062,0.9349,0.0031
clip,MercedesGLA,MercedesGLA_75,MercedesGLA/MercedesGLA_75.wav,75,audio,10.006,431,R2L,,,,,,,,,mel_3class,D:\Antigravity\DopplerLab\IDMT_experiments\checkpoints\direction\mel_3class\best.pt,,0.0536,0.9427,0.0037
clip,MercedesGLA,MercedesGLA_78,MercedesGLA/MercedesGLA_78.wav,78,audio,10.006,431,R2L,,,,,,,,,mel_3class,D:\Antigravity\DopplerLab\IDMT_experiments\checkpoints\direction\mel_3class\best.pt,,0.051,0.9441,0.0049
clip,MercedesGLA,MercedesGLA_81,MercedesGLA/MercedesGLA_81.wav,81,audio,10.006,431,R2L,,,,,,,,,mel_3class,D:\Antigravity\DopplerLab\IDMT_experiments\checkpoints\direction\mel_3class\best.pt,,0.1301,0.8591,0.0108
clip,MercedesGLA,MercedesGLA_83,MercedesGLA/MercedesGLA_83.wav,83,audio,10.006,431,R2L,,,,,,,,,mel_3class,D:\Antigravity\DopplerLab\IDMT_experiments\checkpoints\direction\mel_3class\best.pt,,0.0644,0.9318,0.0038
clip,MercedesGLA,MercedesGLA_85,MercedesGLA/MercedesGLA_85.wav,85,audio,10.027,432,R2L,,,,,,,,,mel_3class,D:\Antigravity\DopplerLab\IDMT_experiments\checkpoints\direction\mel_3class\best.pt,,0.1652,0.8269,0.0079
clip,MercedesGLA,MercedesGLA_88,MercedesGLA/MercedesGLA_88.wav,88,audio,10.006,431,R2L,,,,,,,,,mel_3class,D:\Antigravity\DopplerLab\IDMT_experiments\checkpoints\direction\mel_3class\best.pt,,0.0571,0.9377,0.0052
clip,MercedesGLA,MercedesGLA_90,MercedesGLA/MercedesGLA_90.wav,90,audio,10.027,432,R2L,,,,,,,,,mel_3class,D:\Antigravity\DopplerLab\IDMT_experiments\checkpoints\direction\mel_3class\best.pt,,0.0799,0.866,0.0542
clip,MercedesGLA,MercedesGLA_92,MercedesGLA/MercedesGLA_92.wav,92,audio,10.027,432,R2L,,,,,,,,,mel_3class,D:\Antigravity\DopplerLab\IDMT_experiments\checkpoints\direction\mel_3class\best.pt,,0.1441,0.7138,0.1421
clip,MercedesGLA,MercedesGLA_93,MercedesGLA/MercedesGLA_93.wav,93,audio,10.006,431,R2L,,,,,,,,,mel_3class,D:\Antigravity\DopplerLab\IDMT_experiments\checkpoints\direction\mel_3class\best.pt,,0.0669,0.636,0.2972
clip,MercedesGLA,MercedesGLA_96,MercedesGLA/MercedesGLA_96.wav,96,audio,10.006,431,R2L,,,,,,,,,mel_3class,D:\Antigravity\DopplerLab\IDMT_experiments\checkpoints\direction\mel_3class\best.pt,,0.1297,0.8191,0.0511
group,MercedesGLA,__GROUP__MercedesGLA,,,,,,R2L,34,0,34,0,0.0,1.0,0.0,R2L,mel_3class,D:\Antigravity\DopplerLab\IDMT_experiments\checkpoints\direction\mel_3class\best.pt,,,,
clip,NissanQashqai,NissanQashqai_102,NissanQashqai/NissanQashqai_102.wav,102,audio,10.006,431,R2L,,,,,,,,,mel_3class,D:\Antigravity\DopplerLab\IDMT_experiments\checkpoints\direction\mel_3class\best.pt,,0.1238,0.8002,0.076
clip,NissanQashqai,NissanQashqai_35,NissanQashqai/NissanQashqai_35.wav,35,audio,10.006,431,R2L,,,,,,,,,mel_3class,D:\Antigravity\DopplerLab\IDMT_experiments\checkpoints\direction\mel_3class\best.pt,,0.1262,0.6246,0.2492
clip,NissanQashqai,NissanQashqai_38,NissanQashqai/NissanQashqai_38.wav,38,audio,10.027,432,R2L,,,,,,,,,mel_3class,D:\Antigravity\DopplerLab\IDMT_experiments\checkpoints\direction\mel_3class\best.pt,,0.1468,0.5588,0.2944
clip,NissanQashqai,NissanQashqai_40,NissanQashqai/NissanQashqai_40.wav,40,audio,10.006,431,R2L,,,,,,,,,mel_3class,D:\Antigravity\DopplerLab\IDMT_experiments\checkpoints\direction\mel_3class\best.pt,,0.0008,0.0034,0.9958
clip,NissanQashqai,NissanQashqai_42,NissanQashqai/NissanQashqai_42.wav,42,audio,10.006,431,R2L,,,,,,,,,mel_3class,D:\Antigravity\DopplerLab\IDMT_experiments\checkpoints\direction\mel_3class\best.pt,,0.2059,0.6411,0.1531
clip,NissanQashqai,NissanQashqai_45,NissanQashqai/NissanQashqai_45.wav,45,audio,10.006,431,R2L,,,,,,,,,mel_3class,D:\Antigravity\DopplerLab\IDMT_experiments\checkpoints\direction\mel_3class\best.pt,,0.117,0.4437,0.4392
clip,NissanQashqai,NissanQashqai_48,NissanQashqai/NissanQashqai_48.wav,48,audio,10.006,431,R2L,,,,,,,,,mel_3class,D:\Antigravity\DopplerLab\IDMT_experiments\checkpoints\direction\mel_3class\best.pt,,0.0769,0.5133,0.4098
clip,NissanQashqai,NissanQashqai_50,NissanQashqai/NissanQashqai_50.wav,50,audio,10.006,431,R2L,,,,,,,,,mel_3class,D:\Antigravity\DopplerLab\IDMT_experiments\checkpoints\direction\mel_3class\best.pt,,0.0735,0.3711,0.5554
clip,NissanQashqai,NissanQashqai_53,NissanQashqai/NissanQashqai_53.wav,53,audio,10.006,431,R2L,,,,,,,,,mel_3class,D:\Antigravity\DopplerLab\IDMT_experiments\checkpoints\direction\mel_3class\best.pt,,0.119,0.5843,0.2967
clip,NissanQashqai,NissanQashqai_55,NissanQashqai/NissanQashqai_55.wav,55,audio,10.006,431,R2L,,,,,,,,,mel_3class,D:\Antigravity\DopplerLab\IDMT_experiments\checkpoints\direction\mel_3class\best.pt,,0.3324,0.6154,0.0522
clip,NissanQashqai,NissanQashqai_58,NissanQashqai/NissanQashqai_58.wav,58,audio,10.006,431,R2L,,,,,,,,,mel_3class,D:\Antigravity\DopplerLab\IDMT_experiments\checkpoints\direction\mel_3class\best.pt,,0.3628,0.5776,0.0595
clip,NissanQashqai,NissanQashqai_60,NissanQashqai/NissanQashqai_60.wav,60,audio,10.006,431,R2L,,,,,,,,,mel_3class,D:\Antigravity\DopplerLab\IDMT_experiments\checkpoints\direction\mel_3class\best.pt,,0.3198,0.6562,0.024
clip,NissanQashqai,NissanQashqai_61,NissanQashqai/NissanQashqai_61.wav,61,audio,10.027,432,R2L,,,,,,,,,mel_3class,D:\Antigravity\DopplerLab\IDMT_experiments\checkpoints\direction\mel_3class\best.pt,,0.1524,0.5513,0.2963
clip,NissanQashqai,NissanQashqai_64,NissanQashqai/NissanQashqai_64.wav,64,audio,10.027,432,R2L,,,,,,,,,mel_3class,D:\Antigravity\DopplerLab\IDMT_experiments\checkpoints\direction\mel_3class\best.pt,,0.0979,0.5733,0.3288
clip,NissanQashqai,NissanQashqai_65,NissanQashqai/NissanQashqai_65.wav,65,audio,10.027,432,R2L,,,,,,,,,mel_3class,D:\Antigravity\DopplerLab\IDMT_experiments\checkpoints\direction\mel_3class\best.pt,,0.296,0.6481,0.0558
clip,NissanQashqai,NissanQashqai_68,NissanQashqai/NissanQashqai_68.wav,68,audio,10.027,432,R2L,,,,,,,,,mel_3class,D:\Antigravity\DopplerLab\IDMT_experiments\checkpoints\direction\mel_3class\best.pt,,0.1956,0.755,0.0494
clip,NissanQashqai,NissanQashqai_70,NissanQashqai/NissanQashqai_70.wav,70,audio,10.006,431,R2L,,,,,,,,,mel_3class,D:\Antigravity\DopplerLab\IDMT_experiments\checkpoints\direction\mel_3class\best.pt,,0.0699,0.5313,0.3988
clip,NissanQashqai,NissanQashqai_73,NissanQashqai/NissanQashqai_73.wav,73,audio,10.006,431,R2L,,,,,,,,,mel_3class,D:\Antigravity\DopplerLab\IDMT_experiments\checkpoints\direction\mel_3class\best.pt,,0.1565,0.8014,0.0421
clip,NissanQashqai,NissanQashqai_75,NissanQashqai/NissanQashqai_75.wav,75,audio,10.006,431,R2L,,,,,,,,,mel_3class,D:\Antigravity\DopplerLab\IDMT_experiments\checkpoints\direction\mel_3class\best.pt,,0.2103,0.7037,0.086
clip,NissanQashqai,NissanQashqai_78,NissanQashqai/NissanQashqai_78.wav,78,audio,10.027,432,R2L,,,,,,,,,mel_3class,D:\Antigravity\DopplerLab\IDMT_experiments\checkpoints\direction\mel_3class\best.pt,,0.0469,0.3662,0.5869
clip,NissanQashqai,NissanQashqai_80,NissanQashqai/NissanQashqai_80.wav,80,audio,10.027,432,R2L,,,,,,,,,mel_3class,D:\Antigravity\DopplerLab\IDMT_experiments\checkpoints\direction\mel_3class\best.pt,,0.1927,0.7065,0.1008
clip,NissanQashqai,NissanQashqai_82,NissanQashqai/NissanQashqai_82.wav,82,audio,10.027,432,R2L,,,,,,,,,mel_3class,D:\Antigravity\DopplerLab\IDMT_experiments\checkpoints\direction\mel_3class\best.pt,,0.1533,0.8093,0.0374
clip,NissanQashqai,NissanQashqai_85,NissanQashqai/NissanQashqai_85.wav,85,audio,10.006,431,R2L,,,,,,,,,mel_3class,D:\Antigravity\DopplerLab\IDMT_experiments\checkpoints\direction\mel_3class\best.pt,,0.042,0.4257,0.5323
clip,NissanQashqai,NissanQashqai_88,NissanQashqai/NissanQashqai_88.wav,88,audio,10.006,431,R2L,,,,,,,,,mel_3class,D:\Antigravity\DopplerLab\IDMT_experiments\checkpoints\direction\mel_3class\best.pt,,0.0029,0.0177,0.9794
clip,NissanQashqai,NissanQashqai_90,NissanQashqai/NissanQashqai_90.wav,90,audio,10.006,431,R2L,,,,,,,,,mel_3class,D:\Antigravity\DopplerLab\IDMT_experiments\checkpoints\direction\mel_3class\best.pt,,0.1576,0.7341,0.1083
clip,NissanQashqai,NissanQashqai_93,NissanQashqai/NissanQashqai_93.wav,93,audio,10.027,432,R2L,,,,,,,,,mel_3class,D:\Antigravity\DopplerLab\IDMT_experiments\checkpoints\direction\mel_3class\best.pt,,0.0984,0.8797,0.0219
clip,NissanQashqai,NissanQashqai_94,NissanQashqai/NissanQashqai_94.wav,94,audio,10.006,431,R2L,,,,,,,,,mel_3class,D:\Antigravity\DopplerLab\IDMT_experiments\checkpoints\direction\mel_3class\best.pt,,0.0943,0.8387,0.067
clip,NissanQashqai,NissanQashqai_96,NissanQashqai/NissanQashqai_96.wav,96,audio,10.006,431,R2L,,,,,,,,,mel_3class,D:\Antigravity\DopplerLab\IDMT_experiments\checkpoints\direction\mel_3class\best.pt,,0.1816,0.7929,0.0255
clip,NissanQashqai,NissanQashqai_98,NissanQashqai/NissanQashqai_98.wav,98,audio,10.006,431,R2L,,,,,,,,,mel_3class,D:\Antigravity\DopplerLab\IDMT_experiments\checkpoints\direction\mel_3class\best.pt,,0.2011,0.6745,0.1244
group,NissanQashqai,__GROUP__NissanQashqai,,,,,,R2L,29,0,29,0,0.0,1.0,0.0,R2L,mel_3class,D:\Antigravity\DopplerLab\IDMT_experiments\checkpoints\direction\mel_3class\best.pt,,,,
clip,OpelInsignia,OpelInsignia_100,OpelInsignia/OpelInsignia_100.wav,100,audio,10.006,431,R2L,,,,,,,,,mel_3class,D:\Antigravity\DopplerLab\IDMT_experiments\checkpoints\direction\mel_3class\best.pt,,0.0345,0.9017,0.0637
clip,OpelInsignia,OpelInsignia_31,OpelInsignia/OpelInsignia_31.wav,31,audio,10.006,431,R2L,,,,,,,,,mel_3class,D:\Antigravity\DopplerLab\IDMT_experiments\checkpoints\direction\mel_3class\best.pt,,0.072,0.5516,0.3764
clip,OpelInsignia,OpelInsignia_35,OpelInsignia/OpelInsignia_35.wav,35,audio,10.006,431,R2L,,,,,,,,,mel_3class,D:\Antigravity\DopplerLab\IDMT_experiments\checkpoints\direction\mel_3class\best.pt,,0.0299,0.3074,0.6627
clip,OpelInsignia,OpelInsignia_38,OpelInsignia/OpelInsignia_38.wav,38,audio,10.006,431,R2L,,,,,,,,,mel_3class,D:\Antigravity\DopplerLab\IDMT_experiments\checkpoints\direction\mel_3class\best.pt,,0.0018,0.0145,0.9837
clip,OpelInsignia,OpelInsignia_41,OpelInsignia/OpelInsignia_41.wav,41,audio,10.006,431,R2L,,,,,,,,,mel_3class,D:\Antigravity\DopplerLab\IDMT_experiments\checkpoints\direction\mel_3class\best.pt,,0.0598,0.8299,0.1103
clip,OpelInsignia,OpelInsignia_44,OpelInsignia/OpelInsignia_44.wav,44,audio,10.006,431,R2L,,,,,,,,,mel_3class,D:\Antigravity\DopplerLab\IDMT_experiments\checkpoints\direction\mel_3class\best.pt,,0.0545,0.5022,0.4433
clip,OpelInsignia,OpelInsignia_47,OpelInsignia/OpelInsignia_47.wav,47,audio,10.006,431,R2L,,,,,,,,,mel_3class,D:\Antigravity\DopplerLab\IDMT_experiments\checkpoints\direction\mel_3class\best.pt,,0.0356,0.4196,0.5448
clip,OpelInsignia,OpelInsignia_50,OpelInsignia/OpelInsignia_50.wav,50,audio,10.006,431,R2L,,,,,,,,,mel_3class,D:\Antigravity\DopplerLab\IDMT_experiments\checkpoints\direction\mel_3class\best.pt,,0.0771,0.4554,0.4676
clip,OpelInsignia,OpelInsignia_53,OpelInsignia/OpelInsignia_53.wav,53,audio,10.027,432,R2L,,,,,,,,,mel_3class,D:\Antigravity\DopplerLab\IDMT_experiments\checkpoints\direction\mel_3class\best.pt,,0.1062,0.821,0.0729
clip,OpelInsignia,OpelInsignia_55,OpelInsignia/OpelInsignia_55.wav,55,audio,10.006,431,R2L,,,,,,,,,mel_3class,D:\Antigravity\DopplerLab\IDMT_experiments\checkpoints\direction\mel_3class\best.pt,,0.0507,0.8328,0.1165
clip,OpelInsignia,OpelInsignia_58,OpelInsignia/OpelInsignia_58.wav,58,audio,10.006,431,R2L,,,,,,,,,mel_3class,D:\Antigravity\DopplerLab\IDMT_experiments\checkpoints\direction\mel_3class\best.pt,,0.0743,0.898,0.0278
clip,OpelInsignia,OpelInsignia_61,OpelInsignia/OpelInsignia_61.wav,61,audio,10.006,431,R2L,,,,,,,,,mel_3class,D:\Antigravity\DopplerLab\IDMT_experiments\checkpoints\direction\mel_3class\best.pt,,0.1084,0.8552,0.0364
clip,OpelInsignia,OpelInsignia_64,OpelInsignia/OpelInsignia_64.wav,64,audio,10.027,432,R2L,,,,,,,,,mel_3class,D:\Antigravity\DopplerLab\IDMT_experiments\checkpoints\direction\mel_3class\best.pt,,0.0373,0.8489,0.1138
clip,OpelInsignia,OpelInsignia_66,OpelInsignia/OpelInsignia_66.wav,66,audio,10.006,431,R2L,,,,,,,,,mel_3class,D:\Antigravity\DopplerLab\IDMT_experiments\checkpoints\direction\mel_3class\best.pt,,0.035,0.8199,0.145
clip,OpelInsignia,OpelInsignia_68,OpelInsignia/OpelInsignia_68.wav,68,audio,10.006,431,R2L,,,,,,,,,mel_3class,D:\Antigravity\DopplerLab\IDMT_experiments\checkpoints\direction\mel_3class\best.pt,,0.0363,0.4989,0.4648
clip,OpelInsignia,OpelInsignia_70,OpelInsignia/OpelInsignia_70.wav,70,audio,10.006,431,R2L,,,,,,,,,mel_3class,D:\Antigravity\DopplerLab\IDMT_experiments\checkpoints\direction\mel_3class\best.pt,,0.0364,0.6814,0.2822
clip,OpelInsignia,OpelInsignia_72,OpelInsignia/OpelInsignia_72.wav,72,audio,10.027,432,R2L,,,,,,,,,mel_3class,D:\Antigravity\DopplerLab\IDMT_experiments\checkpoints\direction\mel_3class\best.pt,,0.0267,0.4485,0.5248
clip,OpelInsignia,OpelInsignia_73,OpelInsignia/OpelInsignia_73.wav,73,audio,10.027,432,R2L,,,,,,,,,mel_3class,D:\Antigravity\DopplerLab\IDMT_experiments\checkpoints\direction\mel_3class\best.pt,,0.0778,0.5999,0.3223
clip,OpelInsignia,OpelInsignia_76,OpelInsignia/OpelInsignia_76.wav,76,audio,10.006,431,R2L,,,,,,,,,mel_3class,D:\Antigravity\DopplerLab\IDMT_experiments\checkpoints\direction\mel_3class\best.pt,,0.0117,0.5432,0.4451
clip,OpelInsignia,OpelInsignia_78,OpelInsignia/OpelInsignia_78.wav,78,audio,10.006,431,R2L,,,,,,,,,mel_3class,D:\Antigravity\DopplerLab\IDMT_experiments\checkpoints\direction\mel_3class\best.pt,,0.0154,0.9467,0.0379
clip,OpelInsignia,OpelInsignia_80,OpelInsignia/OpelInsignia_80.wav,80,audio,10.006,431,R2L,,,,,,,,,mel_3class,D:\Antigravity\DopplerLab\IDMT_experiments\checkpoints\direction\mel_3class\best.pt,,0.0404,0.9383,0.0213
clip,OpelInsignia,OpelInsignia_83,OpelInsignia/OpelInsignia_83.wav,83,audio,10.006,431,R2L,,,,,,,,,mel_3class,D:\Antigravity\DopplerLab\IDMT_experiments\checkpoints\direction\mel_3class\best.pt,,0.0519,0.536,0.4121
clip,OpelInsignia,OpelInsignia_86,OpelInsignia/OpelInsignia_86.wav,86,audio,10.006,431,R2L,,,,,,,,,mel_3class,D:\Antigravity\DopplerLab\IDMT_experiments\checkpoints\direction\mel_3class\best.pt,,0.0261,0.9589,0.0149
clip,OpelInsignia,OpelInsignia_89,OpelInsignia/OpelInsignia_89.wav,89,audio,10.027,432,R2L,,,,,,,,,mel_3class,D:\Antigravity\DopplerLab\IDMT_experiments\checkpoints\direction\mel_3class\best.pt,,0.0275,0.8801,0.0924
clip,OpelInsignia,OpelInsignia_91,OpelInsignia/OpelInsignia_91.wav,91,audio,10.006,431,R2L,,,,,,,,,mel_3class,D:\Antigravity\DopplerLab\IDMT_experiments\checkpoints\direction\mel_3class\best.pt,,0.028,0.8627,0.1092
clip,OpelInsignia,OpelInsignia_94,OpelInsignia/OpelInsignia_94.wav,94,audio,10.006,431,R2L,,,,,,,,,mel_3class,D:\Antigravity\DopplerLab\IDMT_experiments\checkpoints\direction\mel_3class\best.pt,,0.0306,0.6894,0.2799
clip,OpelInsignia,OpelInsignia_97,OpelInsignia/OpelInsignia_97.wav,97,audio,10.027,432,R2L,,,,,,,,,mel_3class,D:\Antigravity\DopplerLab\IDMT_experiments\checkpoints\direction\mel_3class\best.pt,,0.0307,0.9323,0.0369
group,OpelInsignia,__GROUP__OpelInsignia,,,,,,R2L,27,0,27,0,0.0,1.0,0.0,R2L,mel_3class,D:\Antigravity\DopplerLab\IDMT_experiments\checkpoints\direction\mel_3class\best.pt,,,,
clip,Peugeot208,Peugeot208_30,Peugeot208/Peugeot208_30.wav,30,audio,10.006,431,R2L,,,,,,,,,mel_3class,D:\Antigravity\DopplerLab\IDMT_experiments\checkpoints\direction\mel_3class\best.pt,,0.1513,0.7613,0.0875
clip,Peugeot208,Peugeot208_32,Peugeot208/Peugeot208_32.wav,32,audio,10.006,431,R2L,,,,,,,,,mel_3class,D:\Antigravity\DopplerLab\IDMT_experiments\checkpoints\direction\mel_3class\best.pt,,0.2494,0.6502,0.1004
clip,Peugeot208,Peugeot208_34,Peugeot208/Peugeot208_34.wav,34,audio,10.006,431,R2L,,,,,,,,,mel_3class,D:\Antigravity\DopplerLab\IDMT_experiments\checkpoints\direction\mel_3class\best.pt,,0.3491,0.5965,0.0544
clip,Peugeot208,Peugeot208_37,Peugeot208/Peugeot208_37.wav,37,audio,10.006,431,L2R,,,,,,,,,mel_3class,D:\Antigravity\DopplerLab\IDMT_experiments\checkpoints\direction\mel_3class\best.pt,,0.5423,0.3852,0.0725
clip,Peugeot208,Peugeot208_40,Peugeot208/Peugeot208_40.wav,40,audio,10.006,431,R2L,,,,,,,,,mel_3class,D:\Antigravity\DopplerLab\IDMT_experiments\checkpoints\direction\mel_3class\best.pt,,0.1281,0.8503,0.0216
clip,Peugeot208,Peugeot208_43,Peugeot208/Peugeot208_43.wav,43,audio,10.027,432,R2L,,,,,,,,,mel_3class,D:\Antigravity\DopplerLab\IDMT_experiments\checkpoints\direction\mel_3class\best.pt,,0.4199,0.5099,0.0702
clip,Peugeot208,Peugeot208_45,Peugeot208/Peugeot208_45.wav,45,audio,10.006,431,R2L,,,,,,,,,mel_3class,D:\Antigravity\DopplerLab\IDMT_experiments\checkpoints\direction\mel_3class\best.pt,,0.3564,0.5783,0.0653
clip,Peugeot208,Peugeot208_47,Peugeot208/Peugeot208_47.wav,47,audio,10.027,432,R2L,,,,,,,,,mel_3class,D:\Antigravity\DopplerLab\IDMT_experiments\checkpoints\direction\mel_3class\best.pt,,0.4264,0.5183,0.0554
clip,Peugeot208,Peugeot208_50,Peugeot208/Peugeot208_50.wav,50,audio,10.027,432,R2L,,,,,,,,,mel_3class,D:\Antigravity\DopplerLab\IDMT_experiments\checkpoints\direction\mel_3class\best.pt,,0.3701,0.5988,0.0311
clip,Peugeot208,Peugeot208_51,Peugeot208/Peugeot208_51.wav,51,audio,10.006,431,L2R,,,,,,,,,mel_3class,D:\Antigravity\DopplerLab\IDMT_experiments\checkpoints\direction\mel_3class\best.pt,,0.5046,0.4619,0.0335
clip,Peugeot208,Peugeot208_54,Peugeot208/Peugeot208_54.wav,54,audio,10.006,431,R2L,,,,,,,,,mel_3class,D:\Antigravity\DopplerLab\IDMT_experiments\checkpoints\direction\mel_3class\best.pt,,0.4629,0.514,0.0231
clip,Peugeot208,Peugeot208_57,Peugeot208/Peugeot208_57.wav,57,audio,10.006,431,R2L,,,,,,,,,mel_3class,D:\Antigravity\DopplerLab\IDMT_experiments\checkpoints\direction\mel_3class\best.pt,,0.3607,0.5506,0.0887
clip,Peugeot208,Peugeot208_60,Peugeot208/Peugeot208_60.wav,60,audio,10.006,431,L2R,,,,,,,,,mel_3class,D:\Antigravity\DopplerLab\IDMT_experiments\checkpoints\direction\mel_3class\best.pt,,0.6051,0.378,0.0169
clip,Peugeot208,Peugeot208_62,Peugeot208/Peugeot208_62.wav,62,audio,10.027,432,L2R,,,,,,,,,mel_3class,D:\Antigravity\DopplerLab\IDMT_experiments\checkpoints\direction\mel_3class\best.pt,,0.7584,0.2174,0.0242
clip,Peugeot208,Peugeot208_64,Peugeot208/Peugeot208_64.wav,64,audio,10.006,431,L2R,,,,,,,,,mel_3class,D:\Antigravity\DopplerLab\IDMT_experiments\checkpoints\direction\mel_3class\best.pt,,0.6525,0.3257,0.0218
clip,Peugeot208,Peugeot208_67,Peugeot208/Peugeot208_67.wav,67,audio,10.006,431,L2R,,,,,,,,,mel_3class,D:\Antigravity\DopplerLab\IDMT_experiments\checkpoints\direction\mel_3class\best.pt,,0.7158,0.2628,0.0213
clip,Peugeot208,Peugeot208_68,Peugeot208/Peugeot208_68.wav,68,audio,10.006,431,L2R,,,,,,,,,mel_3class,D:\Antigravity\DopplerLab\IDMT_experiments\checkpoints\direction\mel_3class\best.pt,,0.6348,0.3435,0.0217
clip,Peugeot208,Peugeot208_71,Peugeot208/Peugeot208_71.wav,71,audio,10.006,431,L2R,,,,,,,,,mel_3class,D:\Antigravity\DopplerLab\IDMT_experiments\checkpoints\direction\mel_3class\best.pt,,0.5932,0.3738,0.033
clip,Peugeot208,Peugeot208_73,Peugeot208/Peugeot208_73.wav,73,audio,10.006,431,R2L,,,,,,,,,mel_3class,D:\Antigravity\DopplerLab\IDMT_experiments\checkpoints\direction\mel_3class\best.pt,,0.3911,0.4073,0.2016
clip,Peugeot208,Peugeot208_76,Peugeot208/Peugeot208_76.wav,76,audio,10.027,432,L2R,,,,,,,,,mel_3class,D:\Antigravity\DopplerLab\IDMT_experiments\checkpoints\direction\mel_3class\best.pt,,0.5311,0.4372,0.0317
clip,Peugeot208,Peugeot208_77,Peugeot208/Peugeot208_77.wav,77,audio,10.027,432,L2R,,,,,,,,,mel_3class,D:\Antigravity\DopplerLab\IDMT_experiments\checkpoints\direction\mel_3class\best.pt,,0.5069,0.4743,0.0188
clip,Peugeot208,Peugeot208_79,Peugeot208/Peugeot208_79.wav,79,audio,10.006,431,L2R,,,,,,,,,mel_3class,D:\Antigravity\DopplerLab\IDMT_experiments\checkpoints\direction\mel_3class\best.pt,,0.5552,0.4156,0.0292
clip,Peugeot208,Peugeot208_82,Peugeot208/Peugeot208_82.wav,82,audio,10.006,431,L2R,,,,,,,,,mel_3class,D:\Antigravity\DopplerLab\IDMT_experiments\checkpoints\direction\mel_3class\best.pt,,0.6866,0.2949,0.0185
clip,Peugeot208,Peugeot208_84,Peugeot208/Peugeot208_84.wav,84,audio,10.006,431,L2R,,,,,,,,,mel_3class,D:\Antigravity\DopplerLab\IDMT_experiments\checkpoints\direction\mel_3class\best.pt,,0.6067,0.3744,0.0189
clip,Peugeot208,Peugeot208_87,Peugeot208/Peugeot208_87.wav,87,audio,10.027,432,L2R,,,,,,,,,mel_3class,D:\Antigravity\DopplerLab\IDMT_experiments\checkpoints\direction\mel_3class\best.pt,,0.5881,0.3867,0.0252
clip,Peugeot208,Peugeot208_90,Peugeot208/Peugeot208_90.wav,90,audio,10.006,431,L2R,,,,,,,,,mel_3class,D:\Antigravity\DopplerLab\IDMT_experiments\checkpoints\direction\mel_3class\best.pt,,0.5956,0.3874,0.0171
clip,Peugeot208,Peugeot208_92,Peugeot208/Peugeot208_92.wav,92,audio,10.027,432,L2R,,,,,,,,,mel_3class,D:\Antigravity\DopplerLab\IDMT_experiments\checkpoints\direction\mel_3class\best.pt,,0.5479,0.3782,0.0739
clip,Peugeot208,Peugeot208_95,Peugeot208/Peugeot208_95.wav,95,audio,10.006,431,R2L,,,,,,,,,mel_3class,D:\Antigravity\DopplerLab\IDMT_experiments\checkpoints\direction\mel_3class\best.pt,,0.4362,0.534,0.0298
clip,Peugeot208,Peugeot208_96,Peugeot208/Peugeot208_96.wav,96,audio,10.006,431,L2R,,,,,,,,,mel_3class,D:\Antigravity\DopplerLab\IDMT_experiments\checkpoints\direction\mel_3class\best.pt,,0.4941,0.4799,0.026
group,Peugeot208,__GROUP__Peugeot208,,,,,,L2R,29,17,12,0,0.5862,0.4138,0.0,L2R,mel_3class,D:\Antigravity\DopplerLab\IDMT_experiments\checkpoints\direction\mel_3class\best.pt,,,,
clip,Peugeot3008,Peugeot3008_100,Peugeot3008/Peugeot3008_100.wav,100,audio,10.027,432,R2L,,,,,,,,,mel_3class,D:\Antigravity\DopplerLab\IDMT_experiments\checkpoints\direction\mel_3class\best.pt,,0.0384,0.8028,0.1588
clip,Peugeot3008,Peugeot3008_40,Peugeot3008/Peugeot3008_40.wav,40,audio,10.006,431,R2L,,,,,,,,,mel_3class,D:\Antigravity\DopplerLab\IDMT_experiments\checkpoints\direction\mel_3class\best.pt,,0.0012,0.0047,0.9941
clip,Peugeot3008,Peugeot3008_43,Peugeot3008/Peugeot3008_43.wav,43,audio,10.006,431,R2L,,,,,,,,,mel_3class,D:\Antigravity\DopplerLab\IDMT_experiments\checkpoints\direction\mel_3class\best.pt,,0.0099,0.0645,0.9256
clip,Peugeot3008,Peugeot3008_45,Peugeot3008/Peugeot3008_45.wav,45,audio,10.027,432,R2L,,,,,,,,,mel_3class,D:\Antigravity\DopplerLab\IDMT_experiments\checkpoints\direction\mel_3class\best.pt,,0.0001,0.0004,0.9995
clip,Peugeot3008,Peugeot3008_47,Peugeot3008/Peugeot3008_47.wav,47,audio,10.027,432,R2L,,,,,,,,,mel_3class,D:\Antigravity\DopplerLab\IDMT_experiments\checkpoints\direction\mel_3class\best.pt,,0.1672,0.6473,0.1855
clip,Peugeot3008,Peugeot3008_50,Peugeot3008/Peugeot3008_50.wav,50,audio,10.006,431,R2L,,,,,,,,,mel_3class,D:\Antigravity\DopplerLab\IDMT_experiments\checkpoints\direction\mel_3class\best.pt,,0.0046,0.0247,0.9706
clip,Peugeot3008,Peugeot3008_52,Peugeot3008/Peugeot3008_52.wav,52,audio,10.027,432,R2L,,,,,,,,,mel_3class,D:\Antigravity\DopplerLab\IDMT_experiments\checkpoints\direction\mel_3class\best.pt,,0.2364,0.7167,0.0468
clip,Peugeot3008,Peugeot3008_54,Peugeot3008/Peugeot3008_54.wav,54,audio,10.006,431,R2L,,,,,,,,,mel_3class,D:\Antigravity\DopplerLab\IDMT_experiments\checkpoints\direction\mel_3class\best.pt,,0.075,0.9096,0.0154
clip,Peugeot3008,Peugeot3008_55,Peugeot3008/Peugeot3008_55.wav,55,audio,10.006,431,R2L,,,,,,,,,mel_3class,D:\Antigravity\DopplerLab\IDMT_experiments\checkpoints\direction\mel_3class\best.pt,,0.0144,0.1828,0.8028
clip,Peugeot3008,Peugeot3008_56,Peugeot3008/Peugeot3008_56.wav,56,audio,10.006,431,R2L,,,,,,,,,mel_3class,D:\Antigravity\DopplerLab\IDMT_experiments\checkpoints\direction\mel_3class\best.pt,,0.172,0.812,0.016
clip,Peugeot3008,Peugeot3008_58,Peugeot3008/Peugeot3008_58.wav,58,audio,10.027,432,R2L,,,,,,,,,mel_3class,D:\Antigravity\DopplerLab\IDMT_experiments\checkpoints\direction\mel_3class\best.pt,,0.0418,0.2332,0.725
clip,Peugeot3008,Peugeot3008_60,Peugeot3008/Peugeot3008_60.wav,60,audio,10.006,431,R2L,,,,,,,,,mel_3class,D:\Antigravity\DopplerLab\IDMT_experiments\checkpoints\direction\mel_3class\best.pt,,0.0007,0.002,0.9973
clip,Peugeot3008,Peugeot3008_61,Peugeot3008/Peugeot3008_61.wav,61,audio,10.006,431,R2L,,,,,,,,,mel_3class,D:\Antigravity\DopplerLab\IDMT_experiments\checkpoints\direction\mel_3class\best.pt,,0.1636,0.4864,0.35
clip,Peugeot3008,Peugeot3008_63,Peugeot3008/Peugeot3008_63.wav,63,audio,10.006,431,R2L,,,,,,,,,mel_3class,D:\Antigravity\DopplerLab\IDMT_experiments\checkpoints\direction\mel_3class\best.pt,,0.0181,0.1536,0.8283
clip,Peugeot3008,Peugeot3008_65,Peugeot3008/Peugeot3008_65.wav,65,audio,10.006,431,R2L,,,,,,,,,mel_3class,D:\Antigravity\DopplerLab\IDMT_experiments\checkpoints\direction\mel_3class\best.pt,,0.0003,0.0026,0.9971
clip,Peugeot3008,Peugeot3008_67,Peugeot3008/Peugeot3008_67.wav,67,audio,10.027,432,R2L,,,,,,,,,mel_3class,D:\Antigravity\DopplerLab\IDMT_experiments\checkpoints\direction\mel_3class\best.pt,,0.0476,0.8993,0.0531
clip,Peugeot3008,Peugeot3008_68,Peugeot3008/Peugeot3008_68.wav,68,audio,10.006,431,R2L,,,,,,,,,mel_3class,D:\Antigravity\DopplerLab\IDMT_experiments\checkpoints\direction\mel_3class\best.pt,,0.0942,0.8818,0.0241
clip,Peugeot3008,Peugeot3008_70,Peugeot3008/Peugeot3008_70.wav,70,audio,10.006,431,R2L,,,,,,,,,mel_3class,D:\Antigravity\DopplerLab\IDMT_experiments\checkpoints\direction\mel_3class\best.pt,,0.0022,0.0182,0.9796
clip,Peugeot3008,Peugeot3008_72,Peugeot3008/Peugeot3008_72.wav,72,audio,10.006,431,R2L,,,,,,,,,mel_3class,D:\Antigravity\DopplerLab\IDMT_experiments\checkpoints\direction\mel_3class\best.pt,,0.0676,0.8989,0.0334
clip,Peugeot3008,Peugeot3008_74,Peugeot3008/Peugeot3008_74.wav,74,audio,10.006,431,R2L,,,,,,,,,mel_3class,D:\Antigravity\DopplerLab\IDMT_experiments\checkpoints\direction\mel_3class\best.pt,,0.1633,0.7956,0.0411
clip,Peugeot3008,Peugeot3008_75,Peugeot3008/Peugeot3008_75.wav,75,audio,10.006,431,R2L,,,,,,,,,mel_3class,D:\Antigravity\DopplerLab\IDMT_experiments\checkpoints\direction\mel_3class\best.pt,,0.0002,0.0009,0.9989
clip,Peugeot3008,Peugeot3008_78,Peugeot3008/Peugeot3008_78.wav,78,audio,10.006,431,R2L,,,,,,,,,mel_3class,D:\Antigravity\DopplerLab\IDMT_experiments\checkpoints\direction\mel_3class\best.pt,,0.1869,0.7861,0.027
clip,Peugeot3008,Peugeot3008_80,Peugeot3008/Peugeot3008_80.wav,80,audio,10.027,432,R2L,,,,,,,,,mel_3class,D:\Antigravity\DopplerLab\IDMT_experiments\checkpoints\direction\mel_3class\best.pt,,0.0065,0.018,0.9755
clip,Peugeot3008,Peugeot3008_83,Peugeot3008/Peugeot3008_83.wav,83,audio,10.006,431,R2L,,,,,,,,,mel_3class,D:\Antigravity\DopplerLab\IDMT_experiments\checkpoints\direction\mel_3class\best.pt,,0.0431,0.6058,0.3511
clip,Peugeot3008,Peugeot3008_85,Peugeot3008/Peugeot3008_85.wav,85,audio,10.006,431,R2L,,,,,,,,,mel_3class,D:\Antigravity\DopplerLab\IDMT_experiments\checkpoints\direction\mel_3class\best.pt,,0.0198,0.1314,0.8489
clip,Peugeot3008,Peugeot3008_87,Peugeot3008/Peugeot3008_87.wav,87,audio,10.006,431,R2L,,,,,,,,,mel_3class,D:\Antigravity\DopplerLab\IDMT_experiments\checkpoints\direction\mel_3class\best.pt,,0.0725,0.914,0.0136
clip,Peugeot3008,Peugeot3008_89,Peugeot3008/Peugeot3008_89.wav,89,audio,10.006,431,R2L,,,,,,,,,mel_3class,D:\Antigravity\DopplerLab\IDMT_experiments\checkpoints\direction\mel_3class\best.pt,,0.0824,0.9048,0.0128
clip,Peugeot3008,Peugeot3008_90,Peugeot3008/Peugeot3008_90.wav,90,audio,10.006,431,R2L,,,,,,,,,mel_3class,D:\Antigravity\DopplerLab\IDMT_experiments\checkpoints\direction\mel_3class\best.pt,,0.0055,0.0629,0.9316
clip,Peugeot3008,Peugeot3008_92,Peugeot3008/Peugeot3008_92.wav,92,audio,10.006,431,R2L,,,,,,,,,mel_3class,D:\Antigravity\DopplerLab\IDMT_experiments\checkpoints\direction\mel_3class\best.pt,,0.0655,0.8382,0.0962
clip,Peugeot3008,Peugeot3008_95,Peugeot3008/Peugeot3008_95.wav,95,audio,10.006,431,R2L,,,,,,,,,mel_3class,D:\Antigravity\DopplerLab\IDMT_experiments\checkpoints\direction\mel_3class\best.pt,,0.0007,0.0036,0.9957
clip,Peugeot3008,Peugeot3008_97,Peugeot3008/Peugeot3008_97.wav,97,audio,10.027,432,R2L,,,,,,,,,mel_3class,D:\Antigravity\DopplerLab\IDMT_experiments\checkpoints\direction\mel_3class\best.pt,,0.0378,0.201,0.7612
group,Peugeot3008,__GROUP__Peugeot3008,,,,,,R2L,31,0,31,0,0.0,1.0,0.0,R2L,mel_3class,D:\Antigravity\DopplerLab\IDMT_experiments\checkpoints\direction\mel_3class\best.pt,,,,
clip,Peugeot307,Peugeot307_101,Peugeot307/Peugeot307_101.wav,101,audio,10.411,449,R2L,,,,,,,,,mel_3class,D:\Antigravity\DopplerLab\IDMT_experiments\checkpoints\direction\mel_3class\best.pt,,0.0703,0.9108,0.0189
clip,Peugeot307,Peugeot307_103,Peugeot307/Peugeot307_103.wav,103,audio,10.027,432,R2L,,,,,,,,,mel_3class,D:\Antigravity\DopplerLab\IDMT_experiments\checkpoints\direction\mel_3class\best.pt,,0.031,0.9582,0.0107
clip,Peugeot307,Peugeot307_30,Peugeot307/Peugeot307_30.wav,30,audio,10.219,441,R2L,,,,,,,,,mel_3class,D:\Antigravity\DopplerLab\IDMT_experiments\checkpoints\direction\mel_3class\best.pt,,0.0566,0.9316,0.0118
clip,Peugeot307,Peugeot307_33,Peugeot307/Peugeot307_33.wav,33,audio,10.325,445,R2L,,,,,,,,,mel_3class,D:\Antigravity\DopplerLab\IDMT_experiments\checkpoints\direction\mel_3class\best.pt,,0.0299,0.9635,0.0066
clip,Peugeot307,Peugeot307_35,Peugeot307/Peugeot307_35.wav,35,audio,10.411,449,R2L,,,,,,,,,mel_3class,D:\Antigravity\DopplerLab\IDMT_experiments\checkpoints\direction\mel_3class\best.pt,,0.0282,0.9637,0.0081
clip,Peugeot307,Peugeot307_38,Peugeot307/Peugeot307_38.wav,38,audio,10.006,431,R2L,,,,,,,,,mel_3class,D:\Antigravity\DopplerLab\IDMT_experiments\checkpoints\direction\mel_3class\best.pt,,0.079,0.8932,0.0278
clip,Peugeot307,Peugeot307_40,Peugeot307/Peugeot307_40.wav,40,audio,10.006,431,R2L,,,,,,,,,mel_3class,D:\Antigravity\DopplerLab\IDMT_experiments\checkpoints\direction\mel_3class\best.pt,,0.0215,0.9738,0.0047
clip,Peugeot307,Peugeot307_43,Peugeot307/Peugeot307_43.wav,43,audio,10.027,432,R2L,,,,,,,,,mel_3class,D:\Antigravity\DopplerLab\IDMT_experiments\checkpoints\direction\mel_3class\best.pt,,0.0506,0.9408,0.0086
clip,Peugeot307,Peugeot307_45,Peugeot307/Peugeot307_45.wav,45,audio,10.006,431,R2L,,,,,,,,,mel_3class,D:\Antigravity\DopplerLab\IDMT_experiments\checkpoints\direction\mel_3class\best.pt,,0.018,0.9785,0.0035
clip,Peugeot307,Peugeot307_47,Peugeot307/Peugeot307_47.wav,47,audio,10.006,431,R2L,,,,,,,,,mel_3class,D:\Antigravity\DopplerLab\IDMT_experiments\checkpoints\direction\mel_3class\best.pt,,0.0155,0.9803,0.0042
clip,Peugeot307,Peugeot307_48,Peugeot307/Peugeot307_48.wav,48,audio,10.006,431,R2L,,,,,,,,,mel_3class,D:\Antigravity\DopplerLab\IDMT_experiments\checkpoints\direction\mel_3class\best.pt,,0.0401,0.9508,0.0091
clip,Peugeot307,Peugeot307_50,Peugeot307/Peugeot307_50.wav,50,audio,10.219,441,R2L,,,,,,,,,mel_3class,D:\Antigravity\DopplerLab\IDMT_experiments\checkpoints\direction\mel_3class\best.pt,,0.0282,0.9675,0.0044
clip,Peugeot307,Peugeot307_53,Peugeot307/Peugeot307_53.wav,53,audio,10.006,431,R2L,,,,,,,,,mel_3class,D:\Antigravity\DopplerLab\IDMT_experiments\checkpoints\direction\mel_3class\best.pt,,0.0181,0.98,0.0018
clip,Peugeot307,Peugeot307_56,Peugeot307/Peugeot307_56.wav,56,audio,10.197,440,R2L,,,,,,,,,mel_3class,D:\Antigravity\DopplerLab\IDMT_experiments\checkpoints\direction\mel_3class\best.pt,,0.0345,0.9618,0.0036
clip,Peugeot307,Peugeot307_59,Peugeot307/Peugeot307_59.wav,59,audio,10.006,431,R2L,,,,,,,,,mel_3class,D:\Antigravity\DopplerLab\IDMT_experiments\checkpoints\direction\mel_3class\best.pt,,0.0242,0.9712,0.0046
clip,Peugeot307,Peugeot307_60,Peugeot307/Peugeot307_60.wav,60,audio,10.006,431,R2L,,,,,,,,,mel_3class,D:\Antigravity\DopplerLab\IDMT_experiments\checkpoints\direction\mel_3class\best.pt,,0.0762,0.9085,0.0153
clip,Peugeot307,Peugeot307_63,Peugeot307/Peugeot307_63.wav,63,audio,10.006,431,R2L,,,,,,,,,mel_3class,D:\Antigravity\DopplerLab\IDMT_experiments\checkpoints\direction\mel_3class\best.pt,,0.0192,0.9779,0.0028
clip,Peugeot307,Peugeot307_66,Peugeot307/Peugeot307_66.wav,66,audio,10.006,431,R2L,,,,,,,,,mel_3class,D:\Antigravity\DopplerLab\IDMT_experiments\checkpoints\direction\mel_3class\best.pt,,0.0491,0.9359,0.015
clip,Peugeot307,Peugeot307_69,Peugeot307/Peugeot307_69.wav,69,audio,10.006,431,R2L,,,,,,,,,mel_3class,D:\Antigravity\DopplerLab\IDMT_experiments\checkpoints\direction\mel_3class\best.pt,,0.0316,0.9558,0.0126
clip,Peugeot307,Peugeot307_72,Peugeot307/Peugeot307_72.wav,72,audio,10.006,431,R2L,,,,,,,,,mel_3class,D:\Antigravity\DopplerLab\IDMT_experiments\checkpoints\direction\mel_3class\best.pt,,0.0168,0.9808,0.0023
clip,Peugeot307,Peugeot307_73,Peugeot307/Peugeot307_73.wav,73,audio,10.027,432,R2L,,,,,,,,,mel_3class,D:\Antigravity\DopplerLab\IDMT_experiments\checkpoints\direction\mel_3class\best.pt,,0.0316,0.9629,0.0055
clip,Peugeot307,Peugeot307_76,Peugeot307/Peugeot307_76.wav,76,audio,10.027,432,R2L,,,,,,,,,mel_3class,D:\Antigravity\DopplerLab\IDMT_experiments\checkpoints\direction\mel_3class\best.pt,,0.0181,0.9782,0.0038
clip,Peugeot307,Peugeot307_79,Peugeot307/Peugeot307_79.wav,79,audio,10.006,431,R2L,,,,,,,,,mel_3class,D:\Antigravity\DopplerLab\IDMT_experiments\checkpoints\direction\mel_3class\best.pt,,0.0326,0.9622,0.0051
clip,Peugeot307,Peugeot307_82,Peugeot307/Peugeot307_82.wav,82,audio,10.304,444,R2L,,,,,,,,,mel_3class,D:\Antigravity\DopplerLab\IDMT_experiments\checkpoints\direction\mel_3class\best.pt,,0.0284,0.9635,0.0081
clip,Peugeot307,Peugeot307_85,Peugeot307/Peugeot307_85.wav,85,audio,10.411,449,R2L,,,,,,,,,mel_3class,D:\Antigravity\DopplerLab\IDMT_experiments\checkpoints\direction\mel_3class\best.pt,,0.0404,0.9516,0.008
clip,Peugeot307,Peugeot307_88,Peugeot307/Peugeot307_88.wav,88,audio,10.006,431,R2L,,,,,,,,,mel_3class,D:\Antigravity\DopplerLab\IDMT_experiments\checkpoints\direction\mel_3class\best.pt,,0.1322,0.8182,0.0496
clip,Peugeot307,Peugeot307_91,Peugeot307/Peugeot307_91.wav,91,audio,10.006,431,R2L,,,,,,,,,mel_3class,D:\Antigravity\DopplerLab\IDMT_experiments\checkpoints\direction\mel_3class\best.pt,,0.0255,0.9703,0.0042
clip,Peugeot307,Peugeot307_94,Peugeot307/Peugeot307_94.wav,94,audio,10.006,431,R2L,,,,,,,,,mel_3class,D:\Antigravity\DopplerLab\IDMT_experiments\checkpoints\direction\mel_3class\best.pt,,0.0194,0.977,0.0037
clip,Peugeot307,Peugeot307_97,Peugeot307/Peugeot307_97.wav,97,audio,10.006,431,R2L,,,,,,,,,mel_3class,D:\Antigravity\DopplerLab\IDMT_experiments\checkpoints\direction\mel_3class\best.pt,,0.0279,0.9661,0.006
group,Peugeot307,__GROUP__Peugeot307,,,,,,R2L,29,0,29,0,0.0,1.0,0.0,R2L,mel_3class,D:\Antigravity\DopplerLab\IDMT_experiments\checkpoints\direction\mel_3class\best.pt,,,,
clip,RenaultCaptur,RenaultCaptur_100,RenaultCaptur/RenaultCaptur_100.wav,100,audio,10.027,432,R2L,,,,,,,,,mel_3class,D:\Antigravity\DopplerLab\IDMT_experiments\checkpoints\direction\mel_3class\best.pt,,0.1623,0.8274,0.0103
clip,RenaultCaptur,RenaultCaptur_102,RenaultCaptur/RenaultCaptur_102.wav,102,audio,10.006,431,R2L,,,,,,,,,mel_3class,D:\Antigravity\DopplerLab\IDMT_experiments\checkpoints\direction\mel_3class\best.pt,,0.0586,0.9325,0.0089
clip,RenaultCaptur,RenaultCaptur_30,RenaultCaptur/RenaultCaptur_30.wav,30,audio,10.006,431,R2L,,,,,,,,,mel_3class,D:\Antigravity\DopplerLab\IDMT_experiments\checkpoints\direction\mel_3class\best.pt,,0.0648,0.9057,0.0295
clip,RenaultCaptur,RenaultCaptur_33,RenaultCaptur/RenaultCaptur_33.wav,33,audio,10.006,431,R2L,,,,,,,,,mel_3class,D:\Antigravity\DopplerLab\IDMT_experiments\checkpoints\direction\mel_3class\best.pt,,0.0482,0.9416,0.0102
clip,RenaultCaptur,RenaultCaptur_36,RenaultCaptur/RenaultCaptur_36.wav,36,audio,10.027,432,R2L,,,,,,,,,mel_3class,D:\Antigravity\DopplerLab\IDMT_experiments\checkpoints\direction\mel_3class\best.pt,,0.0506,0.9406,0.0088
clip,RenaultCaptur,RenaultCaptur_38,RenaultCaptur/RenaultCaptur_38.wav,38,audio,10.006,431,R2L,,,,,,,,,mel_3class,D:\Antigravity\DopplerLab\IDMT_experiments\checkpoints\direction\mel_3class\best.pt,,0.0581,0.9284,0.0134
clip,RenaultCaptur,RenaultCaptur_40,RenaultCaptur/RenaultCaptur_40.wav,40,audio,10.006,431,R2L,,,,,,,,,mel_3class,D:\Antigravity\DopplerLab\IDMT_experiments\checkpoints\direction\mel_3class\best.pt,,0.1205,0.8678,0.0117
clip,RenaultCaptur,RenaultCaptur_41,RenaultCaptur/RenaultCaptur_41.wav,41,audio,10.027,432,R2L,,,,,,,,,mel_3class,D:\Antigravity\DopplerLab\IDMT_experiments\checkpoints\direction\mel_3class\best.pt,,0.0488,0.9391,0.0122
clip,RenaultCaptur,RenaultCaptur_44,RenaultCaptur/RenaultCaptur_44.wav,44,audio,10.006,431,R2L,,,,,,,,,mel_3class,D:\Antigravity\DopplerLab\IDMT_experiments\checkpoints\direction\mel_3class\best.pt,,0.0511,0.9405,0.0084
clip,RenaultCaptur,RenaultCaptur_46,RenaultCaptur/RenaultCaptur_46.wav,46,audio,10.006,431,R2L,,,,,,,,,mel_3class,D:\Antigravity\DopplerLab\IDMT_experiments\checkpoints\direction\mel_3class\best.pt,,0.1464,0.8375,0.0161
clip,RenaultCaptur,RenaultCaptur_47,RenaultCaptur/RenaultCaptur_47.wav,47,audio,10.006,431,R2L,,,,,,,,,mel_3class,D:\Antigravity\DopplerLab\IDMT_experiments\checkpoints\direction\mel_3class\best.pt,,0.2202,0.7386,0.0412
clip,RenaultCaptur,RenaultCaptur_48,RenaultCaptur/RenaultCaptur_48.wav,48,audio,10.006,431,R2L,,,,,,,,,mel_3class,D:\Antigravity\DopplerLab\IDMT_experiments\checkpoints\direction\mel_3class\best.pt,,0.094,0.8928,0.0131
clip,RenaultCaptur,RenaultCaptur_50,RenaultCaptur/RenaultCaptur_50.wav,50,audio,10.027,432,R2L,,,,,,,,,mel_3class,D:\Antigravity\DopplerLab\IDMT_experiments\checkpoints\direction\mel_3class\best.pt,,0.0238,0.9722,0.004
clip,RenaultCaptur,RenaultCaptur_52,RenaultCaptur/RenaultCaptur_52.wav,52,audio,10.006,431,R2L,,,,,,,,,mel_3class,D:\Antigravity\DopplerLab\IDMT_experiments\checkpoints\direction\mel_3class\best.pt,,0.0904,0.8754,0.0342
clip,RenaultCaptur,RenaultCaptur_56,RenaultCaptur/RenaultCaptur_56.wav,56,audio,10.006,431,R2L,,,,,,,,,mel_3class,D:\Antigravity\DopplerLab\IDMT_experiments\checkpoints\direction\mel_3class\best.pt,,0.154,0.8256,0.0205
clip,RenaultCaptur,RenaultCaptur_58,RenaultCaptur/RenaultCaptur_58.wav,58,audio,10.027,432,R2L,,,,,,,,,mel_3class,D:\Antigravity\DopplerLab\IDMT_experiments\checkpoints\direction\mel_3class\best.pt,,0.0537,0.932,0.0143
clip,RenaultCaptur,RenaultCaptur_60,RenaultCaptur/RenaultCaptur_60.wav,60,audio,10.006,431,R2L,,,,,,,,,mel_3class,D:\Antigravity\DopplerLab\IDMT_experiments\checkpoints\direction\mel_3class\best.pt,,0.0534,0.9383,0.0083
clip,RenaultCaptur,RenaultCaptur_63,RenaultCaptur/RenaultCaptur_63.wav,63,audio,10.006,431,R2L,,,,,,,,,mel_3class,D:\Antigravity\DopplerLab\IDMT_experiments\checkpoints\direction\mel_3class\best.pt,,0.1398,0.8464,0.0138
clip,RenaultCaptur,RenaultCaptur_66,RenaultCaptur/RenaultCaptur_66.wav,66,audio,10.006,431,R2L,,,,,,,,,mel_3class,D:\Antigravity\DopplerLab\IDMT_experiments\checkpoints\direction\mel_3class\best.pt,,0.1045,0.8793,0.0162
clip,RenaultCaptur,RenaultCaptur_68,RenaultCaptur/RenaultCaptur_68.wav,68,audio,10.006,431,R2L,,,,,,,,,mel_3class,D:\Antigravity\DopplerLab\IDMT_experiments\checkpoints\direction\mel_3class\best.pt,,0.0328,0.8776,0.0895
clip,RenaultCaptur,RenaultCaptur_70,RenaultCaptur/RenaultCaptur_70.wav,70,audio,10.006,431,R2L,,,,,,,,,mel_3class,D:\Antigravity\DopplerLab\IDMT_experiments\checkpoints\direction\mel_3class\best.pt,,0.0815,0.9118,0.0066
clip,RenaultCaptur,RenaultCaptur_72,RenaultCaptur/RenaultCaptur_72.wav,72,audio,10.006,431,R2L,,,,,,,,,mel_3class,D:\Antigravity\DopplerLab\IDMT_experiments\checkpoints\direction\mel_3class\best.pt,,0.2771,0.6936,0.0293
clip,RenaultCaptur,RenaultCaptur_76,RenaultCaptur/RenaultCaptur_76.wav,76,audio,10.006,431,R2L,,,,,,,,,mel_3class,D:\Antigravity\DopplerLab\IDMT_experiments\checkpoints\direction\mel_3class\best.pt,,0.3597,0.6251,0.0152
clip,RenaultCaptur,RenaultCaptur_78,RenaultCaptur/RenaultCaptur_78.wav,78,audio,10.027,432,R2L,,,,,,,,,mel_3class,D:\Antigravity\DopplerLab\IDMT_experiments\checkpoints\direction\mel_3class\best.pt,,0.083,0.9071,0.0099
clip,RenaultCaptur,RenaultCaptur_80,RenaultCaptur/RenaultCaptur_80.wav,80,audio,10.027,432,R2L,,,,,,,,,mel_3class,D:\Antigravity\DopplerLab\IDMT_experiments\checkpoints\direction\mel_3class\best.pt,,0.2328,0.746,0.0212
clip,RenaultCaptur,RenaultCaptur_83,RenaultCaptur/RenaultCaptur_83.wav,83,audio,10.027,432,R2L,,,,,,,,,mel_3class,D:\Antigravity\DopplerLab\IDMT_experiments\checkpoints\direction\mel_3class\best.pt,,0.195,0.7464,0.0586
clip,RenaultCaptur,RenaultCaptur_86,RenaultCaptur/RenaultCaptur_86.wav,86,audio,10.006,431,R2L,,,,,,,,,mel_3class,D:\Antigravity\DopplerLab\IDMT_experiments\checkpoints\direction\mel_3class\best.pt,,0.0508,0.9398,0.0094
clip,RenaultCaptur,RenaultCaptur_88,RenaultCaptur/RenaultCaptur_88.wav,88,audio,10.006,431,R2L,,,,,,,,,mel_3class,D:\Antigravity\DopplerLab\IDMT_experiments\checkpoints\direction\mel_3class\best.pt,,0.2132,0.7486,0.0382
clip,RenaultCaptur,RenaultCaptur_90,RenaultCaptur/RenaultCaptur_90.wav,90,audio,10.006,431,R2L,,,,,,,,,mel_3class,D:\Antigravity\DopplerLab\IDMT_experiments\checkpoints\direction\mel_3class\best.pt,,0.1917,0.7848,0.0235
clip,RenaultCaptur,RenaultCaptur_92,RenaultCaptur/RenaultCaptur_92.wav,92,audio,10.006,431,R2L,,,,,,,,,mel_3class,D:\Antigravity\DopplerLab\IDMT_experiments\checkpoints\direction\mel_3class\best.pt,,0.0924,0.8614,0.0461
clip,RenaultCaptur,RenaultCaptur_94,RenaultCaptur/RenaultCaptur_94.wav,94,audio,10.027,432,R2L,,,,,,,,,mel_3class,D:\Antigravity\DopplerLab\IDMT_experiments\checkpoints\direction\mel_3class\best.pt,,0.051,0.9436,0.0054
clip,RenaultCaptur,RenaultCaptur_97,RenaultCaptur/RenaultCaptur_97.wav,97,audio,10.006,431,R2L,,,,,,,,,mel_3class,D:\Antigravity\DopplerLab\IDMT_experiments\checkpoints\direction\mel_3class\best.pt,,0.0641,0.9303,0.0056
clip,RenaultCaptur,RenaultCaptur_98,RenaultCaptur/RenaultCaptur_98.wav,98,audio,10.006,431,R2L,,,,,,,,,mel_3class,D:\Antigravity\DopplerLab\IDMT_experiments\checkpoints\direction\mel_3class\best.pt,,0.0657,0.8063,0.128
group,RenaultCaptur,__GROUP__RenaultCaptur,,,,,,R2L,33,0,33,0,0.0,1.0,0.0,R2L,mel_3class,D:\Antigravity\DopplerLab\IDMT_experiments\checkpoints\direction\mel_3class\best.pt,,,,
clip,RenaultScenic,RenaultScenic_101,RenaultScenic/RenaultScenic_101.wav,101,audio,10.006,431,R2L,,,,,,,,,mel_3class,D:\Antigravity\DopplerLab\IDMT_experiments\checkpoints\direction\mel_3class\best.pt,,0.0001,0.0001,0.9998
clip,RenaultScenic,RenaultScenic_30,RenaultScenic/RenaultScenic_30.wav,30,audio,10.006,431,R2L,,,,,,,,,mel_3class,D:\Antigravity\DopplerLab\IDMT_experiments\checkpoints\direction\mel_3class\best.pt,,0.0013,0.0043,0.9943
clip,RenaultScenic,RenaultScenic_35,RenaultScenic/RenaultScenic_35.wav,35,audio,10.006,431,R2L,,,,,,,,,mel_3class,D:\Antigravity\DopplerLab\IDMT_experiments\checkpoints\direction\mel_3class\best.pt,,0.0,0.0,1.0
clip,RenaultScenic,RenaultScenic_36,RenaultScenic/RenaultScenic_36.wav,36,audio,10.027,432,R2L,,,,,,,,,mel_3class,D:\Antigravity\DopplerLab\IDMT_experiments\checkpoints\direction\mel_3class\best.pt,,0.0,0.0001,0.9998
clip,RenaultScenic,RenaultScenic_38,RenaultScenic/RenaultScenic_38.wav,38,audio,10.006,431,R2L,,,,,,,,,mel_3class,D:\Antigravity\DopplerLab\IDMT_experiments\checkpoints\direction\mel_3class\best.pt,,0.1169,0.2449,0.6382
clip,RenaultScenic,RenaultScenic_40,RenaultScenic/RenaultScenic_40.wav,40,audio,10.027,432,R2L,,,,,,,,,mel_3class,D:\Antigravity\DopplerLab\IDMT_experiments\checkpoints\direction\mel_3class\best.pt,,0.0,0.0001,0.9999
clip,RenaultScenic,RenaultScenic_42,RenaultScenic/RenaultScenic_42.wav,42,audio,10.027,432,R2L,,,,,,,,,mel_3class,D:\Antigravity\DopplerLab\IDMT_experiments\checkpoints\direction\mel_3class\best.pt,,0.0007,0.0024,0.9969
clip,RenaultScenic,RenaultScenic_44,RenaultScenic/RenaultScenic_44.wav,44,audio,10.006,431,R2L,,,,,,,,,mel_3class,D:\Antigravity\DopplerLab\IDMT_experiments\checkpoints\direction\mel_3class\best.pt,,0.0008,0.0036,0.9955
clip,RenaultScenic,RenaultScenic_46,RenaultScenic/RenaultScenic_46.wav,46,audio,10.006,431,L2R,,,,,,,,,mel_3class,D:\Antigravity\DopplerLab\IDMT_experiments\checkpoints\direction\mel_3class\best.pt,,0.0001,0.0001,0.9998
clip,RenaultScenic,RenaultScenic_48,RenaultScenic/RenaultScenic_48.wav,48,audio,10.006,431,R2L,,,,,,,,,mel_3class,D:\Antigravity\DopplerLab\IDMT_experiments\checkpoints\direction\mel_3class\best.pt,,0.0003,0.0012,0.9985
clip,RenaultScenic,RenaultScenic_50,RenaultScenic/RenaultScenic_50.wav,50,audio,10.027,432,R2L,,,,,,,,,mel_3class,D:\Antigravity\DopplerLab\IDMT_experiments\checkpoints\direction\mel_3class\best.pt,,0.0,0.0,1.0
clip,RenaultScenic,RenaultScenic_52,RenaultScenic/RenaultScenic_52.wav,52,audio,10.027,432,L2R,,,,,,,,,mel_3class,D:\Antigravity\DopplerLab\IDMT_experiments\checkpoints\direction\mel_3class\best.pt,,0.0002,0.0002,0.9995
clip,RenaultScenic,RenaultScenic_54,RenaultScenic/RenaultScenic_54.wav,54,audio,10.006,431,R2L,,,,,,,,,mel_3class,D:\Antigravity\DopplerLab\IDMT_experiments\checkpoints\direction\mel_3class\best.pt,,0.0038,0.011,0.9853
clip,RenaultScenic,RenaultScenic_57,RenaultScenic/RenaultScenic_57.wav,57,audio,10.39,448,R2L,,,,,,,,,mel_3class,D:\Antigravity\DopplerLab\IDMT_experiments\checkpoints\direction\mel_3class\best.pt,,0.0,0.0,1.0
clip,RenaultScenic,RenaultScenic_60,RenaultScenic/RenaultScenic_60.wav,60,audio,10.006,431,L2R,,,,,,,,,mel_3class,D:\Antigravity\DopplerLab\IDMT_experiments\checkpoints\direction\mel_3class\best.pt,,0.0005,0.0004,0.9991
clip,RenaultScenic,RenaultScenic_62,RenaultScenic/RenaultScenic_62.wav,62,audio,10.006,431,L2R,,,,,,,,,mel_3class,D:\Antigravity\DopplerLab\IDMT_experiments\checkpoints\direction\mel_3class\best.pt,,0.0,0.0,1.0
clip,RenaultScenic,RenaultScenic_64,RenaultScenic/RenaultScenic_64.wav,64,audio,10.006,431,R2L,,,,,,,,,mel_3class,D:\Antigravity\DopplerLab\IDMT_experiments\checkpoints\direction\mel_3class\best.pt,,0.0361,0.1854,0.7785
clip,RenaultScenic,RenaultScenic_66,RenaultScenic/RenaultScenic_66.wav,66,audio,10.006,431,R2L,,,,,,,,,mel_3class,D:\Antigravity\DopplerLab\IDMT_experiments\checkpoints\direction\mel_3class\best.pt,,0.0078,0.037,0.9552
clip,RenaultScenic,RenaultScenic_68,RenaultScenic/RenaultScenic_68.wav,68,audio,10.006,431,R2L,,,,,,,,,mel_3class,D:\Antigravity\DopplerLab\IDMT_experiments\checkpoints\direction\mel_3class\best.pt,,0.0,0.0,1.0
clip,RenaultScenic,RenaultScenic_70,RenaultScenic/RenaultScenic_70.wav,70,audio,10.027,432,R2L,,,,,,,,,mel_3class,D:\Antigravity\DopplerLab\IDMT_experiments\checkpoints\direction\mel_3class\best.pt,,0.0,0.0001,0.9999
clip,RenaultScenic,RenaultScenic_71,RenaultScenic/RenaultScenic_71.wav,71,audio,10.006,431,R2L,,,,,,,,,mel_3class,D:\Antigravity\DopplerLab\IDMT_experiments\checkpoints\direction\mel_3class\best.pt,,0.0,0.0001,0.9998
clip,RenaultScenic,RenaultScenic_72,RenaultScenic/RenaultScenic_72.wav,72,audio,10.006,431,R2L,,,,,,,,,mel_3class,D:\Antigravity\DopplerLab\IDMT_experiments\checkpoints\direction\mel_3class\best.pt,,0.0011,0.0018,0.9971
clip,RenaultScenic,RenaultScenic_74,RenaultScenic/RenaultScenic_74.wav,74,audio,10.006,431,R2L,,,,,,,,,mel_3class,D:\Antigravity\DopplerLab\IDMT_experiments\checkpoints\direction\mel_3class\best.pt,,0.0002,0.0003,0.9995
clip,RenaultScenic,RenaultScenic_75,RenaultScenic/RenaultScenic_75.wav,75,audio,10.006,431,R2L,,,,,,,,,mel_3class,D:\Antigravity\DopplerLab\IDMT_experiments\checkpoints\direction\mel_3class\best.pt,,0.0001,0.0002,0.9997
clip,RenaultScenic,RenaultScenic_77,RenaultScenic/RenaultScenic_77.wav,77,audio,10.006,431,R2L,,,,,,,,,mel_3class,D:\Antigravity\DopplerLab\IDMT_experiments\checkpoints\direction\mel_3class\best.pt,,0.0,0.0001,0.9998
clip,RenaultScenic,RenaultScenic_80,RenaultScenic/RenaultScenic_80.wav,80,audio,10.006,431,R2L,,,,,,,,,mel_3class,D:\Antigravity\DopplerLab\IDMT_experiments\checkpoints\direction\mel_3class\best.pt,,0.0,0.0,1.0
clip,RenaultScenic,RenaultScenic_82,RenaultScenic/RenaultScenic_82.wav,82,audio,10.027,432,R2L,,,,,,,,,mel_3class,D:\Antigravity\DopplerLab\IDMT_experiments\checkpoints\direction\mel_3class\best.pt,,0.0001,0.0002,0.9998
clip,RenaultScenic,RenaultScenic_84,RenaultScenic/RenaultScenic_84.wav,84,audio,10.006,431,L2R,,,,,,,,,mel_3class,D:\Antigravity\DopplerLab\IDMT_experiments\checkpoints\direction\mel_3class\best.pt,,0.0001,0.0001,0.9998
clip,RenaultScenic,RenaultScenic_86,RenaultScenic/RenaultScenic_86.wav,86,audio,10.006,431,L2R,,,,,,,,,mel_3class,D:\Antigravity\DopplerLab\IDMT_experiments\checkpoints\direction\mel_3class\best.pt,,0.0001,0.0,0.9999
clip,RenaultScenic,RenaultScenic_87,RenaultScenic/RenaultScenic_87.wav,87,audio,10.006,431,R2L,,,,,,,,,mel_3class,D:\Antigravity\DopplerLab\IDMT_experiments\checkpoints\direction\mel_3class\best.pt,,0.0004,0.0011,0.9985
clip,RenaultScenic,RenaultScenic_90,RenaultScenic/RenaultScenic_90.wav,90,audio,10.027,432,R2L,,,,,,,,,mel_3class,D:\Antigravity\DopplerLab\IDMT_experiments\checkpoints\direction\mel_3class\best.pt,,0.0022,0.0077,0.9901
clip,RenaultScenic,RenaultScenic_91,RenaultScenic/RenaultScenic_91.wav,91,audio,10.027,432,R2L,,,,,,,,,mel_3class,D:\Antigravity\DopplerLab\IDMT_experiments\checkpoints\direction\mel_3class\best.pt,,0.0,0.0,0.9999
clip,RenaultScenic,RenaultScenic_94,RenaultScenic/RenaultScenic_94.wav,94,audio,10.006,431,R2L,,,,,,,,,mel_3class,D:\Antigravity\DopplerLab\IDMT_experiments\checkpoints\direction\mel_3class\best.pt,,0.0,0.0,1.0
clip,RenaultScenic,RenaultScenic_95,RenaultScenic/RenaultScenic_95.wav,95,audio,10.027,432,R2L,,,,,,,,,mel_3class,D:\Antigravity\DopplerLab\IDMT_experiments\checkpoints\direction\mel_3class\best.pt,,0.0,0.0,1.0
clip,RenaultScenic,RenaultScenic_98,RenaultScenic/RenaultScenic_98.wav,98,audio,10.006,431,R2L,,,,,,,,,mel_3class,D:\Antigravity\DopplerLab\IDMT_experiments\checkpoints\direction\mel_3class\best.pt,,0.0461,0.0784,0.8755
group,RenaultScenic,__GROUP__RenaultScenic,,,,,,R2L,35,6,29,0,0.1714,0.8286,0.0,R2L,mel_3class,D:\Antigravity\DopplerLab\IDMT_experiments\checkpoints\direction\mel_3class\best.pt,,,,
clip,VWPassat,VWPassat_100,VWPassat/VWPassat_100.wav,100,audio,10.027,432,R2L,,,,,,,,,mel_3class,D:\Antigravity\DopplerLab\IDMT_experiments\checkpoints\direction\mel_3class\best.pt,,0.0102,0.9751,0.0148
clip,VWPassat,VWPassat_30,VWPassat/VWPassat_30.wav,30,audio,10.006,431,R2L,,,,,,,,,mel_3class,D:\Antigravity\DopplerLab\IDMT_experiments\checkpoints\direction\mel_3class\best.pt,,0.0411,0.9517,0.0071
clip,VWPassat,VWPassat_35,VWPassat/VWPassat_35.wav,35,audio,10.006,431,R2L,,,,,,,,,mel_3class,D:\Antigravity\DopplerLab\IDMT_experiments\checkpoints\direction\mel_3class\best.pt,,0.0363,0.9565,0.0072
clip,VWPassat,VWPassat_39,VWPassat/VWPassat_39.wav,39,audio,10.006,431,R2L,,,,,,,,,mel_3class,D:\Antigravity\DopplerLab\IDMT_experiments\checkpoints\direction\mel_3class\best.pt,,0.1319,0.7966,0.0714
clip,VWPassat,VWPassat_40,VWPassat/VWPassat_40.wav,40,audio,10.027,432,R2L,,,,,,,,,mel_3class,D:\Antigravity\DopplerLab\IDMT_experiments\checkpoints\direction\mel_3class\best.pt,,0.0423,0.9519,0.0059
clip,VWPassat,VWPassat_42,VWPassat/VWPassat_42.wav,42,audio,10.006,431,R2L,,,,,,,,,mel_3class,D:\Antigravity\DopplerLab\IDMT_experiments\checkpoints\direction\mel_3class\best.pt,,0.033,0.9542,0.0128
clip,VWPassat,VWPassat_45,VWPassat/VWPassat_45.wav,45,audio,10.006,431,R2L,,,,,,,,,mel_3class,D:\Antigravity\DopplerLab\IDMT_experiments\checkpoints\direction\mel_3class\best.pt,,0.0618,0.7726,0.1656
clip,VWPassat,VWPassat_47,VWPassat/VWPassat_47.wav,47,audio,10.027,432,R2L,,,,,,,,,mel_3class,D:\Antigravity\DopplerLab\IDMT_experiments\checkpoints\direction\mel_3class\best.pt,,0.0518,0.7891,0.1591
clip,VWPassat,VWPassat_49,VWPassat/VWPassat_49.wav,49,audio,10.006,431,R2L,,,,,,,,,mel_3class,D:\Antigravity\DopplerLab\IDMT_experiments\checkpoints\direction\mel_3class\best.pt,,0.0298,0.9662,0.004
clip,VWPassat,VWPassat_50,VWPassat/VWPassat_50.wav,50,audio,10.006,431,R2L,,,,,,,,,mel_3class,D:\Antigravity\DopplerLab\IDMT_experiments\checkpoints\direction\mel_3class\best.pt,,0.0334,0.1783,0.7883
clip,VWPassat,VWPassat_52,VWPassat/VWPassat_52.wav,52,audio,10.027,432,R2L,,,,,,,,,mel_3class,D:\Antigravity\DopplerLab\IDMT_experiments\checkpoints\direction\mel_3class\best.pt,,0.0195,0.9712,0.0093
clip,VWPassat,VWPassat_54,VWPassat/VWPassat_54.wav,54,audio,10.027,432,R2L,,,,,,,,,mel_3class,D:\Antigravity\DopplerLab\IDMT_experiments\checkpoints\direction\mel_3class\best.pt,,0.0271,0.9642,0.0087
clip,VWPassat,VWPassat_55,VWPassat/VWPassat_55.wav,55,audio,10.006,431,R2L,,,,,,,,,mel_3class,D:\Antigravity\DopplerLab\IDMT_experiments\checkpoints\direction\mel_3class\best.pt,,0.0314,0.9624,0.0062
clip,VWPassat,VWPassat_57,VWPassat/VWPassat_57.wav,57,audio,10.006,431,R2L,,,,,,,,,mel_3class,D:\Antigravity\DopplerLab\IDMT_experiments\checkpoints\direction\mel_3class\best.pt,,0.0474,0.9298,0.0228
clip,VWPassat,VWPassat_60,VWPassat/VWPassat_60.wav,60,audio,10.006,431,R2L,,,,,,,,,mel_3class,D:\Antigravity\DopplerLab\IDMT_experiments\checkpoints\direction\mel_3class\best.pt,,0.0493,0.8387,0.112
clip,VWPassat,VWPassat_61,VWPassat/VWPassat_61.wav,61,audio,10.006,431,R2L,,,,,,,,,mel_3class,D:\Antigravity\DopplerLab\IDMT_experiments\checkpoints\direction\mel_3class\best.pt,,0.0323,0.9543,0.0134
clip,VWPassat,VWPassat_64,VWPassat/VWPassat_64.wav,64,audio,10.006,431,R2L,,,,,,,,,mel_3class,D:\Antigravity\DopplerLab\IDMT_experiments\checkpoints\direction\mel_3class\best.pt,,0.0198,0.9735,0.0067
clip,VWPassat,VWPassat_65,VWPassat/VWPassat_65.wav,65,audio,10.006,431,R2L,,,,,,,,,mel_3class,D:\Antigravity\DopplerLab\IDMT_experiments\checkpoints\direction\mel_3class\best.pt,,0.0283,0.9077,0.0639
clip,VWPassat,VWPassat_67,VWPassat/VWPassat_67.wav,67,audio,10.006,431,R2L,,,,,,,,,mel_3class,D:\Antigravity\DopplerLab\IDMT_experiments\checkpoints\direction\mel_3class\best.pt,,0.045,0.9433,0.0116
clip,VWPassat,VWPassat_70,VWPassat/VWPassat_70.wav,70,audio,10.027,432,R2L,,,,,,,,,mel_3class,D:\Antigravity\DopplerLab\IDMT_experiments\checkpoints\direction\mel_3class\best.pt,,0.0276,0.9648,0.0076
clip,VWPassat,VWPassat_71,VWPassat/VWPassat_71.wav,71,audio,10.006,431,R2L,,,,,,,,,mel_3class,D:\Antigravity\DopplerLab\IDMT_experiments\checkpoints\direction\mel_3class\best.pt,,0.0222,0.9408,0.037
clip,VWPassat,VWPassat_72,VWPassat/VWPassat_72.wav,72,audio,10.006,431,R2L,,,,,,,,,mel_3class,D:\Antigravity\DopplerLab\IDMT_experiments\checkpoints\direction\mel_3class\best.pt,,0.008,0.9907,0.0013
clip,VWPassat,VWPassat_73,VWPassat/VWPassat_73.wav,73,audio,10.027,432,R2L,,,,,,,,,mel_3class,D:\Antigravity\DopplerLab\IDMT_experiments\checkpoints\direction\mel_3class\best.pt,,0.0555,0.7716,0.1729
clip,VWPassat,VWPassat_75,VWPassat/VWPassat_75.wav,75,audio,10.006,431,R2L,,,,,,,,,mel_3class,D:\Antigravity\DopplerLab\IDMT_experiments\checkpoints\direction\mel_3class\best.pt,,0.0256,0.9716,0.0028
clip,VWPassat,VWPassat_78,VWPassat/VWPassat_78.wav,78,audio,10.006,431,R2L,,,,,,,,,mel_3class,D:\Antigravity\DopplerLab\IDMT_experiments\checkpoints\direction\mel_3class\best.pt,,0.0355,0.9467,0.0178
clip,VWPassat,VWPassat_80,VWPassat/VWPassat_80.wav,80,audio,10.006,431,R2L,,,,,,,,,mel_3class,D:\Antigravity\DopplerLab\IDMT_experiments\checkpoints\direction\mel_3class\best.pt,,0.0291,0.9492,0.0217
clip,VWPassat,VWPassat_81,VWPassat/VWPassat_81.wav,81,audio,10.006,431,R2L,,,,,,,,,mel_3class,D:\Antigravity\DopplerLab\IDMT_experiments\checkpoints\direction\mel_3class\best.pt,,0.0229,0.9309,0.0461
clip,VWPassat,VWPassat_82,VWPassat/VWPassat_82.wav,82,audio,10.006,431,R2L,,,,,,,,,mel_3class,D:\Antigravity\DopplerLab\IDMT_experiments\checkpoints\direction\mel_3class\best.pt,,0.0186,0.9776,0.0039
clip,VWPassat,VWPassat_85,VWPassat/VWPassat_85.wav,85,audio,10.006,431,R2L,,,,,,,,,mel_3class,D:\Antigravity\DopplerLab\IDMT_experiments\checkpoints\direction\mel_3class\best.pt,,0.0236,0.5016,0.4748
clip,VWPassat,VWPassat_88,VWPassat/VWPassat_88.wav,88,audio,10.027,432,R2L,,,,,,,,,mel_3class,D:\Antigravity\DopplerLab\IDMT_experiments\checkpoints\direction\mel_3class\best.pt,,0.0166,0.9764,0.007
clip,VWPassat,VWPassat_90,VWPassat/VWPassat_90.wav,90,audio,10.006,431,R2L,,,,,,,,,mel_3class,D:\Antigravity\DopplerLab\IDMT_experiments\checkpoints\direction\mel_3class\best.pt,,0.0047,0.9936,0.0017
clip,VWPassat,VWPassat_91,VWPassat/VWPassat_91.wav,91,audio,10.006,431,R2L,,,,,,,,,mel_3class,D:\Antigravity\DopplerLab\IDMT_experiments\checkpoints\direction\mel_3class\best.pt,,0.0099,0.984,0.0062
clip,VWPassat,VWPassat_94,VWPassat/VWPassat_94.wav,94,audio,10.006,431,R2L,,,,,,,,,mel_3class,D:\Antigravity\DopplerLab\IDMT_experiments\checkpoints\direction\mel_3class\best.pt,,0.0233,0.9694,0.0072
clip,VWPassat,VWPassat_96,VWPassat/VWPassat_96.wav,96,audio,10.006,431,R2L,,,,,,,,,mel_3class,D:\Antigravity\DopplerLab\IDMT_experiments\checkpoints\direction\mel_3class\best.pt,,0.034,0.9559,0.0101
clip,VWPassat,VWPassat_98,VWPassat/VWPassat_98.wav,98,audio,10.006,431,R2L,,,,,,,,,mel_3class,D:\Antigravity\DopplerLab\IDMT_experiments\checkpoints\direction\mel_3class\best.pt,,0.0119,0.2217,0.7664
group,VWPassat,__GROUP__VWPassat,,,,,,R2L,35,0,35,0,0.0,1.0,0.0,R2L,mel_3class,D:\Antigravity\DopplerLab\IDMT_experiments\checkpoints\direction\mel_3class\best.pt,,,,
overall,__ALL__,__OVERALL__,,,,,,R2L,400,51,349,0,0.1275,0.8725,0.0,R2L,mel_3class,D:\Antigravity\DopplerLab\IDMT_experiments\checkpoints\direction\mel_3class\best.pt,,,,
